SeqID,Nucleotide_Counts,GC_Content,Motif_Positions,Reverse_Complement,Translation_Lengths
gi|2765658|emb|Z78533.1|CIZ78533,"{'A': 144, 'T': 155, 'C': 200, 'G': 241}",59.59%,"{'ATG': [42, 157, 205, 224, 276, 286, 325, 343, 469, 507, 564, 594, 625, 672, 698], 'TATA': [], 'GAATTC': []}",GCGTAAACTCAGCGGGTGCCCCCGCCTGACCTGGGGTCACATCCGAATGGCGGTCAACCGCCCTCCATTGGGGTTCGGAAGGGTTCTCCTGCCTGTCCGACAAGCACGACAACATGGGGGATTCGCACGGCAGCTGCTGCCAGCATCCGTCCACCTCTTGCCGGGTTCCGGGCCATCAAAACACCAGCTCTTGGACCCGCCGCACCTAGGCACAAGGGGCCAATCTTTCACATCCGCACCACGCCGGCCTGGCTGTATGCCGGGCAAGCATTGGCAGGAGAGAGACGAAGCGCGACGCCCAAGCAGGCGTGCCCTTAGCCTGATGGCCTCGGGCGCAACTTGCGTTCAAAAGACTCGATGGTTCACGGGATCTTGCAATTCACACCACTTATCGCATTTCGCTGCGTCCTTCCATCCGATGCAAAGAGCCAAGATTCCCGTTTGCGAGAGTCATCAAAATTCATTGGGCACGCGACAGCACGCCGCCGCTCCGGGTTTTGGGGAAGACAATGCCATTCGCCGGTGATGCTTTCATATGGCTTGGCGCCCAAACTGCGCCGGGCTAGAGGTTCAAACCCGCCATGGACGCTCCCGAGGCGGCCCAACAACAAATCAGGGTCACCACGGGAGCAATGCCCCCGGTGAGCTGAGTACACCGGTCCTCCGGATTCACTCGATCGTTTATTCCACGGTCTCATCAATGATCCTTCCGCAGGTTCACCTACGGAAACCTTGTTACG,"{'Frame1': 125, 'Frame2': 5, 'Frame3': 0, 'Frame4': 1, 'Frame5': 174, 'Frame6': 8}"
gi|2765657|emb|Z78532.1|CCZ78532,"{'A': 184, 'T': 204, 'C': 161, 'G': 204}",48.47%,"{'ATG': [59, 158, 217, 221, 256, 268, 284, 320, 337, 462, 500, 506, 557, 567, 586, 622, 670, 711], 'TATA': [56, 202, 493], 'GAATTC': []}",GCCTCAACTCAGCGGGTGGCCCCGCCTGACCTGGGGTCGCATCTGAATGGAAATCAACTGCCCAATGGTTATTTTAGCTCCATTGGGGTTCAATTAGGTTCTTGTGTAGGTTCGAAAAAATACAACAACATGGGGGATTCAAATAGCAGCCTTATGACTGTTAGCATTCTCCACCTCGTGCCACATTCCTACCCATCAAAGCAACAATCCTTAGACCCACCGCACCTAGGCACAAGGGGCCAATCATTCACATCCGTATAATGCCAGCTTAGCGATATGCCAAGCAAGCATTGGTAGGAGAGACGCAACACACGACGCCCAGGCAGGCGTGCCCTTAGCCTGATGGCCTCGAGCGCAACTTGCGTTCAAAGACTCGATGGTTCACGGGATTCTGCAATTCACACCACTTATCGCATTTAGCTGCGTTCTTCATCGATGTTAGAGCCAAGATATCCGTTGCGAGAGTCATAAAAATTCACTGGCATGCTCAGTAGCATACTGCCCCTCTGATTTTTTCTGACAATAATGTCATTCATCAGTGATGCTTTATATGACTTGGCGCAAACTGCACCGTACTAAAGTTCAAACCTGCCATGAAAGCTCTTGAGGAGGCCCAACAACAAAGCAGGGTCACGACAAAAGCAGTGCCACGACGAGCTGAGTTACCACAGGTCCTCCAGATTCACTCGATCATATATTCTGTTGTCTCAACAATGATCCTTCCGCAGGTTCACCTACGGAAACCTTGTTACG,"{'Frame1': 20, 'Frame2': 5, 'Frame3': 0, 'Frame4': 86, 'Frame5': 14, 'Frame6': 8}"
gi|2765656|emb|Z78531.1|CFZ78531,"{'A': 154, 'T': 167, 'C': 192, 'G': 235}",57.09%,"{'ATG': [158, 204, 218, 222, 275, 283, 323, 340, 465, 478, 560, 589, 713], 'TATA': [], 'GAATTC': []}",TTACTCACGGGTGGCCCGCCTGACTGGGGTCGCATCTGAATGGAAATCACCGCCCGAGGGCGGTTTTGCGTCCACTGGGGGTTCAAACAGGTTCTTCTGTAGGCCTGACGAGTACGACAACACGGGGGATTCGAACGGCAGCCTTGCGGCTGCCAGCATCCTCCACCTACTGCCAAGTTCCGGGCCATCAGAACACCGATGCTTAGACCCGCCGCACCTAGGCGCAAGGGGCCAATCTTTCACGTCCTCACAATGACAGACTAGCCGCATGCCAATCAAGCATTATCAGGAGAGACGCAGCACACGACGCCCAGGCAGGCGTGCCCTTAGCCTGATGGCCTCGGGCGCAACTTGCGTTCAAAGACTCGATGGTTCGCGGGATTCTGCAATTCACACCACTTATCGCATTTCGCTGCGTTCTTCATCGATGCAAGAGCCAGATATCCCGTTGCCGAGAGTCGTCATAAATTCATTGGCACGCGCAACAGACGCCGCCCCTCCGAGTTTTTCTTGACAAAAATGCCATCCATCGGTGACGCTCCATATGACTTGGCGCAAACTGCGCCGCGCTAGACGTTCAAACCCGCCATGAAAGTTCCCGAGGCGGCCCGGTCGCAAACCGGGTTCACCACGAGAGCAAAGCCACGGTGAGCCGTGTAACCACGGGTCCTCCGGATTCACTCGATCGTATGTTCTGCTGTCTCAACAATGATCCTTCCGCAGGTTCACCTACGGAAACCTTGTTACG,"{'Frame1': 40, 'Frame2': 5, 'Frame3': 0, 'Frame4': 12, 'Frame5': 84, 'Frame6': 6}"
gi|2765655|emb|Z78530.1|CMZ78530,"{'A': 179, 'T': 211, 'C': 154, 'G': 200}",47.58%,"{'ATG': [125, 158, 218, 222, 265, 277, 287, 325, 342, 447, 467, 505, 552, 562, 591, 627, 635, 715], 'TATA': [201, 203, 481, 649], 'GAATTC': []}",ATGGGGTGGCCCCCTGACTGGGGTCGCATCTGATTGGAAATCAACCACCCAAGGATTGTTTTGCCTTAATTAGGGTCCAAACAAGTTGTTCTATAGGCCCAACAAACATGACAACATGGGGGATTCAAACAATAGCCTTGCGGCTGCCAGCATCCTCCACCTCTTGCCAAGTTTCAGACCATCAAAACACATATCCTTAGACCCACCGCACCTAAGCACAAGGGGCCAATCTTTCACATCCACACAATGATGGCCTAGCTATATGCTGGACAAGCATTGGAAGGAGAGATAAAACATACGACGCCCAGGCAGGCGTGCCCTTAGCCTGATGGCCTCGGGCGCAACTTGCGTTCAAAGACTCGATGGTTCACGGGATTCTGCAATTCACACCACTTATCACATTTCGGTGCGTTCTTCATCGATGCAAGAGTCAAGATATCCGTCTGCCGAGAGTCATCAAAATTCATTGGAATGAACATTAACACACCACACCTCCGACGTTGTGTGGGGCAATAATGTCATTCATCGGTGATTCTTTATATACCTTGGTGCAAACTGGACCGTGCTAGAGGTTCAAACCCGCCATGAAAGCTCTCAATGAGGCCCAATGACAAATCATGGTCACCACAAAAGGATATCCCTAGCGAGCCAAATTACCACAAGTCCTCCAGATTCACTCAATCGTTTATTATGTTGTTTCAACAATGATCCTTCCGCAGGTTCACCTACGGAAACCTTGTTACG,"{'Frame1': 40, 'Frame2': 5, 'Frame3': 0, 'Frame4': 10, 'Frame5': 23, 'Frame6': 4}"
gi|2765654|emb|Z78529.1|CLZ78529,"{'A': 174, 'T': 208, 'C': 147, 'G': 204}",47.89%,"{'ATG': [107, 140, 200, 204, 250, 256, 267, 304, 322, 427, 447, 485, 532, 542, 571, 607, 695], 'TATA': [38, 183, 185, 461, 629], 'GAATTC': []}",TTTTAGCTCAGCTGGTGGCCCGCTGACTGGGGTCGCATCTGATTGGAAATCAACCACCCAAGGATTGTTTTGCCTTAATTAGGGTCCAAACAAGTTGTTCTATAGGCCCAACAAATATGACAACATGGGGGATTCAAACAATAGCCTTGCGGCTGCCAGCATCCTCCACCTCTTGCCAAGTTTCAGACCATCAAAACACATATCCTTAGACCCACCGCACCTAAGCACAAGGGGCCAATCTTTCACATCCACACAATGATGGCCTAGCTATATGCTGGACAAGCATTGGAAGGAGAGATAAAACATACGACGCCCAGGCAGGCGTGCCCTTAGCCTGATGGCCTCGGGCGCAACTTGCGTTCAAAGACTCGATGGTTCACGGGATTCTGCAATTCACACCACTTATCACATTTCGGTGGGATTCTTCATCGATGCAAGAGCCAAGATATCCCTCGGCGAGAGTCATCAACAATTCATTGGCATGACCAATAACACACCACACCTCCGACTTTTTTGACAATAATGTCATTCATCGGTGATTCTTTATATACCTTGGTGCAAACTGCACCGTGCTAGAGGTTCAAACCCGCCATGAAAGCTCTCAATGAGGCCCAATGACAAATCATGGTCACCACAAAAGGAAATCCCTAGCGAGCCAAATAACCACAAGTCCTCCAGATTCACTCAATCGTATATTCTGCTGTCTCAACAATGTCCTTCGGCAGCTCGCCGT,"{'Frame1': 34, 'Frame2': 8, 'Frame3': 16, 'Frame4': 1, 'Frame5': 26, 'Frame6': 7}"
gi|2765652|emb|Z78527.1|CYZ78527,"{'A': 167, 'T': 187, 'C': 159, 'G': 205}",50.70%,"{'ATG': [59, 77, 134, 180, 197, 242, 250, 261, 299, 317, 442, 480, 529, 537, 566, 602, 635, 649, 661, 690], 'TATA': [56, 624], 'GAATTC': []}",GGGTGGCCCGCCTGACCTGGGGTCGCATCTAAATGGAAATCAACCGCCAAGGGTCATTTTACAATCCATTGGGGTTCAAGCATGTTCTTTTATAGGTTCGACAAATATGACAACATGGGGGATTCGAACGACAGCCTTGCGGCTTCCAGCATCCTCCACCTCCTGCCAGGTTTCGATCCATCAAAACATCAATCCTTAGACCCACCGCACCTAGGCACAAGGGGCCAATCTTTCACATCCACCCAATGCCAGCCTAGTTGTATGCCGGGTAAGCATTGGCAAGAGAGATGCGATACACGACGCCCAGGCAGGCGTGCCCTTAGCCTGATGGCCTCGGGCGCAACTTGCGTTCAAAGACTCGATGGTTCGCGGGATTCTGCAATTCACACCACTTATCGCATTTCGCTGCGTTCCTTCATCGATGCAAAGAGCCAGATATCCGTTGGCCGAGAGTCATCAAAAATCCATTAGCGCATGCAATAACACACTGCCACTCCAACTTTTGGTGACAGTAGTGCCATTTGCAGTTATGCTTCATATGACTTGGCGCAAACTGCACCGTGGTAGAGGTTCAAACCCGCCATGTAAGCTCCTAAGGAAGCCCAACAACAAATCAGGCGAGCCGAGTAACCACAGGTCATCCAGATTCACTCGATCATATATTCTACTGTCTCAACAATGATCCTTCCGCAGGTTCACCTACGGAAACCTTGTTACG,"{'Frame1': 17, 'Frame2': 5, 'Frame3': 0, 'Frame4': 4, 'Frame5': 65, 'Frame6': 9}"
gi|2765651|emb|Z78526.1|CGZ78526,"{'A': 170, 'T': 192, 'C': 163, 'G': 205}",50.41%,"{'ATG': [59, 134, 180, 198, 243, 251, 262, 299, 316, 441, 479, 528, 536, 565, 601, 634, 648, 652, 659, 688, 726], 'TATA': [56, 623], 'GAATTC': []}",ACATAAACTCAGCGGGTGGCCCCGCCTGACCTGGGGTCGCATCTAAATGGAAATCAACCGCCAAGGGTCATTTTACATCCATTGGGGTTCAAGCATGTTCTTTTATAGGTTCGACAAATATGACAACATGGGGGATTCGAACGACAGCCTTGCGGCTTCCAGCATCCTCCACCTCCTGCCAGGTTTCGATCCATCAAAACATCAATCCTTAGACCCACCGCACCTAGGCACAAGGGGCCAATCTTTCACATCCGCACAATGCCAGCCTAGTTGTATGCCGGGTAAGCATTGGCAAGAGAGATGCGATACACGACGCCCAGGCAGGCGTGCCCTTAGCCTGATGGCCTCGGGCGCAACTTGCGTTCAAAGACTCGATGGTTCGCGGGATTCTGCAATTCACACCACTTATCGCATTTCGCTGGGTTCTTCATCGATGCAAGAGCCAAGATATCCGTTGGCGAGAGTCATCAAAAATCCATTAGCGCATGCAATAGCACACTGCCACTCCAACTTTTGGTGACAATAATGCCATTGTTCAGTTATGCTTCATATGACTTGGCGCAAACTGCACCGTGGTAGAGGTTCAAACCCGGCATGTAAGCTCCTAAGGAAGCCCAACAACAAATCAGGGGAGCCGAGTAACCACAGGTCCTCCAGATTCACTCGATCATATATTCTACTGTCTCAACAATGATCCTTCCGCAGGTTCACCTACGGAAACCTTGTTACG,"{'Frame1': 17, 'Frame2': 5, 'Frame3': 0, 'Frame4': 1, 'Frame5': 14, 'Frame6': 8}"
gi|2765650|emb|Z78525.1|CAZ78525,"{'A': 159, 'T': 190, 'C': 161, 'G': 194}",50.43%,"{'ATG': [118, 164, 182, 228, 246, 285, 302, 428, 463, 509, 517, 582, 640, 651, 670], 'TATA': [16, 236, 439, 604, 606], 'GAATTC': []}",TGCAGCGGGTGGCCCGCCTGACCTGGGGTCGCATATGAATGGCAGTCAACCATCCAAGGGTCATTTTGCCTCCACTGGGGTTCAAACAAGTTATTATATAGGTCCGATAAATACGATAACATGGGGGATTTAAATGACAACCTTGTGGCAGCCAATGTCCTCCACCTCCTGCCAAGTTTCGGGCCATCAAAACATTCCTTAGACCCAACGCGCCAAGGCACAAGGGGCCAATCTTTCGCATCCGCACAATGCAAGCCTAGATATATGGACAGGCATTGGCAAGAGAGACACAACACACGACGCCCAGGCAGGCGTGCCCTTAGCCTGATGGCCTCGGGCGCAACTTGCGTTCAAAAGACTCGATGGTTCACGGGATCTTGCAATTCACACCACTTATCGCATTTCGCTGGGTTCTTCATCCGATGCAAGAGCCAAGATATCCGCTTGTCGAGAGTCATCAAAATTATATTCGGCATGCACAGGAGGACACCGCCCCTCCAACTTTTTTGACAATAATGTCATTTGTCGGTGATGCTTCATATGACTTGGCACAAACTGTGCCGTGCTAGAGTTTGAAACCTGCCATGAAAGCTCCCGAGGAGGCCCAACGACAAATTTGGGTCACCACAAAAGCAAAGCCCTCGGCAAGCCGAATAACCACAGGTCCTCCGGATTCACTCGATGTATATTCTGCTATCTCAACA,"{'Frame1': 1, 'Frame2': 45, 'Frame3': 2, 'Frame4': 6, 'Frame5': 43, 'Frame6': 11}"
gi|2765649|emb|Z78524.1|CFZ78524,"{'A': 178, 'T': 208, 'C': 148, 'G': 205}",47.77%,"{'ATG': [59, 73, 82, 151, 210, 214, 248, 260, 266, 278, 314, 331, 456, 494, 578, 614, 661, 672, 702], 'TATA': [56, 196, 470, 636], 'GAATTC': [605]}",GCTTAATCTCAGGGTGGCCACCTGACCTGGGGTTGCATCTGAATGAAAATCAACCGCCCAAGGGTCATTTTTCCTTCATTGGGGTTCAAACAAGTTCTTTTATAGGTTCAACAAATACGACAACATGGGGAATTCAAATGGCAGCCTTGCAGCTACCAACATTCTCCACCTCCTGCCGAGTTCCGAGCTATCAAAATACTAATCCTTAGACCCACCGCACCTAAGCACAAGGGGCCAATATTTCATCCGCACAATGCTAACCTAGCTATATGCTGGGCAAGCATTGGNAGGAGAGATGCAGCACACGACGCCCAGGCAGGCGTGCCCTTAGCCTGATGGCCTTGGGCGCAACTTGCGTTCAAATACTCGATGGTTCACGGGATTCTGCAATTCACACCACTTATCGCATTTCGCTGCGTTCTTCATCGGATGTAAAGAGCCAAGTTCCGTTGCGAGAGTCATCAAAAAATTCATTAGCATGCACAACAGCATGCCGCCCCTCCGACTTTTTTAACAACAATGCCATTCATCAGGGATGCTTATATGACTTGGCACAAACTGCGCCGTGCTAAAGGTTTGAACCCGCCATGAAAGCTCCTAAGGAGGCCCAATTAAGGTCACCACAAAAGCAAAGCACTGACGAGCCAAGTAACCACATGTCCTCCATATTCACTCAATCATATATTCTACTATCTCAACAATGATCCTTCCGCAGGTTCACCTACGGAAACCTTGTTACG,"{'Frame1': 16, 'Frame2': 5, 'Frame3': 0, 'Frame4': 1, 'Frame5': 7, 'Frame6': 68}"
gi|2765648|emb|Z78523.1|CHZ78523,"{'A': 156, 'T': 196, 'C': 160, 'G': 197}",50.35%,"{'ATG': [59, 191, 205, 223, 267, 271, 278, 304, 364, 422, 460, 517, 546, 629], 'TATA': [56, 436, 557], 'GAATTC': []}",CTTAAACTCAGCGGTGGCCCCGCCTGACCTGGGTCGCAATATGAATGGCAATCAACCGCCCGAGGGTTGTTTGCCTCCATTGGGATTCAAACAGGTTCTTCTCTAGGTCCGACAAACACGACAATATGGGGGGTTCAAACGATAGCCTTATAGCTGCCAACATCCTCCACCTCCTGCCAGGTTTCGAACCATCAAAACACTAGTCCTTAGACCCACCGCACCTAGGCACAAGGGGCCAATCTTTCGCATCCACGCAATGCAAACCAATCTATATGATAGGAAAGCATTGATAGGAGAGACGCAGCACACGACGCCCAGGCAGGCGTGCCCTTAGCCTGATGGCATCGGGCGCAACTTGCGTTCAAAGACTCGATGGTTCACGGGATTCTGCAATTCACACCACATATGTCGAGAGTCAATAAAAAATTCATTATGCATGCATGCAAGAGCACGCTTCCACTCTAGCTTTTGGGACAATAATGTCATTCCTCAGTGATGCTTCATATGACTTGGCGCATACTGCACCGTGCTAGAGGTTCACACCCACAAGGAAAGCTTGGGAGGAGGCCCAATGACAAGTTAGGGTCACCGCAAAAGCAAAGCCTATGTCGAGCTGAGTAACCACAAGTCCACCGGATTCACTCGATCATATATTCTGCTGTCTCAACAATGATCCTGCCGCAGGTTCACCTACGGAAACCTGGTTACG,"{'Frame1': 20, 'Frame2': 5, 'Frame3': 0, 'Frame4': 8, 'Frame5': 34, 'Frame6': 0}"
gi|2765647|emb|Z78522.1|CMZ78522,"{'A': 160, 'T': 191, 'C': 154, 'G': 195}",49.86%,"{'ATG': [59, 191, 205, 219, 223, 271, 277, 288, 362, 420, 458, 515, 544, 613, 627, 667], 'TATA': [56, 425, 434, 555], 'GAATTC': []}",CTCAGCGGGTGGCCGCCTGACCTGGGGTCGCATATGAATGGCAATCAACCGCCCGAGGGTTGTTTGCCCCCATTGGGATTCAAACATGTTCTTCTCTAGGTCCGACAAACACGACAATATGGGGGATTCAAATGATAGCCTTATAGCTGCCAACATCCTCCACCTCCTGCCAGGTTTCGAACCATCAAAACACTAGTCCTTAGACCCACCGCACCTAGGCACAAGGGGCCAATCTTTCACATCCACGCAATGCAAACCTGTCTATATGACGTATAACCATTGACAGGAGAGACGCAGCACACGACGCCCAGGCAGGCGTTCCCTTAGCCTGATGGCATCGGGCGCAACTTGCGTTCAAAGACTCGATGGTTCACGGGATTCTGCGATCACACCACGATATGTCGAGAGTCATAAAAAATTCATTTGCATGTATGCAATAGCACGCTTCCACTCCAACTTTTTGGACAATAATGTCATTCATCAGTGATGCTTCATATGACTTGGCGCATACTGCACCGTGCTAGAGGTTCAAACCCACAAGGAAAGCTTGGGGGGAGGCCCAATGACAAATTAGGGTCACCGCAAAAGCAAAGCCTATGTCGAGCTGAGTAACCACAAGTCCACCGGATTCACTCGATCATATATTCTGCTGTCTCAACAATGATCCTTCCGCAGGTTCACCTACGGAAACCTTGTTACG,"{'Frame1': 20, 'Frame2': 5, 'Frame3': 0, 'Frame4': 32, 'Frame5': 11, 'Frame6': 5}"
gi|2765646|emb|Z78521.1|CCZ78521,"{'A': 174, 'T': 196, 'C': 154, 'G': 202}",49.04%,"{'ATG': [44, 176, 190, 204, 208, 251, 255, 261, 272, 309, 326, 393, 451, 459, 489, 499, 546, 575, 644, 658, 698], 'TATA': [41, 465, 586], 'GAATTC': []}",GGTGGCCCCGCCTGACCTGGGGTCGCATATGAATGGCAATCAACCGCCCGAGAGTTGTTTGCCTCCATTGGGATTCAAACATGTTTTTCTCTAGGTCCGACAAACACGACAATATGGGGGATTCAAATGATAGCCTTATAGCTGCCAACATCCTCCACCTCCTGCCAGGTTTCGAACCATCAAAACACTAGTCCTTAGACCCACCGTACCTAGGCACAAGGGGCCATTCTTTCACATCCACGCAATGCAAACCTATCTATATGACATGAAAGCATTGACAGGAGAGACGCAGCACACGACGCCCAGGCAGGCGTGCCCTTAGCCTGATGGCATCGGGCGCAACTTGCGTTCAAAGACTCGATGGTTCACGGGATTCTGCAATTCACACCACTTATCGCATTTTGCTGCGTTCTTCATCGATGCAAGAGCCAAGATATCCGTTGTCGAGAGTCATAAAAAATTCATTTGCATGCATGCAATAGCACGCTTCCACTCCAACTTTTTGACAATAATGTCATTCATCGGTGATGCTTCATATGACTTGGCGCATACTGCACCGTGCTAGAGGTTCAAACCCACAAGGAAAGCTTTGGAGGAGGCCCAATGGCAAATTAGGGTCACCGCCAAAGCCAAGCCTATGTCGAGCTGAGTAACCACAAGTCCACCGGATTCACTCGATCATATATTCTACTGTCTCAACAATGATCCTTCCGCAGGTTCACCTAC,"{'Frame1': 12, 'Frame2': 0, 'Frame3': 1, 'Frame4': 4, 'Frame5': 30, 'Frame6': 9}"
gi|2765645|emb|Z78520.1|CSZ78520,"{'A': 172, 'T': 208, 'C': 161, 'G': 212}",49.54%,"{'ATG': [59, 191, 205, 219, 223, 267, 271, 288, 326, 389, 411, 469, 507, 564, 593, 616, 676, 716], 'TATA': [56, 604], 'GAATTC': []}",AAACTCAGCGGGTGGCCCGCCTGACCTGGGGTCGCATATGAATGGCAATCAACCGCCCGAGGGTTGTTTGCCTCCATTGGGATTCAAACAGGTTCTTCTCCAGGTCCGACAAACACGACAATATGGGGGATTCACATGACAACCTTATAGCTGCCAACATCCTCCACCTCCTGCCAGGTTTCGAACCATCAAAACACTAGTCCTTAGACCCACCGCACCTAGGCACAAGGGGCCAATCTTTCACATCCACACAATGCAAACCTATCGATATGACAGGAAAGCATTGACAGGAGAGACGCAGCACACGACGCCCAGGCAGGCGTGCCCTTAGCCTGATGGCATCGGGCGCAACTTGCGTTCACATACTCGATGGTTCACGGGATTCTGCAATTCACACCACTTATCACAATTTCGCTGCGTTCTTCATCCGATGCAAGAGCCAAGATATCCCTTGTCGAGAGTCATAAAATATTCTATTGCATGCATGCAATAGCACGCTTCTACTCCAACTTTTTGGACAATAATGTCATTCATCGGTGATGATTCATATGACTTGGCGCATACTGCACCGTGCTAGAGGTTCAAACCCACAAGGAAAGCTTTGGAGGAGGCCCAATGACAAATTAGGGTCACCGCAAAAGCAAAGCCTATGGCGAGCTGAGTAACCACAAGTCCACCGGATTCACTCGATCATATATTCTGCTGTCTCAACAATGATCCTTCCGCAGGTTCACCTACGGAAACCTTGTTACG,"{'Frame1': 20, 'Frame2': 5, 'Frame3': 0, 'Frame4': 7, 'Frame5': 45, 'Frame6': 12}"
gi|2765644|emb|Z78519.1|CPZ78519,"{'A': 159, 'T': 197, 'C': 154, 'G': 189}",49.07%,"{'ATG': [2, 134, 148, 162, 166, 209, 213, 219, 231, 268, 285, 352, 410, 448, 498, 506, 535, 606, 620, 660], 'TATA': [424, 546, 548], 'GAATTC': []}",TAAACTCAGCGGGTGGCCCCGCCTGACCTGGGGTCGCATATGAATGGCAATCAACCGCCCGAGGGTTGTTTGCCTCCATTGGGATTCAAACATGTTCTTCTCTAGGTCCAACAAACGCGACAATATGGGGGATTCAAATGATAGCCTTATATAGCTGCCAACATCCTCCACCTCCTGCCAGGTTTCGAACCATCAAAACATTAAGTTCTTAGACCCACCGCACCTAGGCACAAGGGGCCAATCTTTCACATCCACACAATGCAAACCTATCTATATGATGGGAAAGCATTGACAGGAGAGACGCAGCACACGACGCCCAGGCAGGCGTGCCCTTAGCCTGATGGCATCGGGCGCAACTTGCGTTCAAAGACTCGATGGTTCACGGGATTCTGCAATTCACACCACTTATCGCATTTCGCTGCGTTCTTCATCGATGCAAGAGCCAAGATATCCGTTGTCGAGAGTCATAAAAAAATTCATTTGCATGCATGCAGTAGCACGCTTCCACTCCAACTTTTGGACAATAATGTCATTCATCGGCAATGCTTCATATGACTTGGTGCATACTGCACCGTGCTAGAGGTTCAAACCCACAAGGAAAGCTTGGGAGGAGGCCCAATGACAAATTAGGGTCACCGCAAAAGCAAAGCCTATGGCGAGCTGAGTAACCACAAGTCCACCAGATTCACTCGATCATAT,"{'Frame1': 1, 'Frame2': 15, 'Frame3': 3, 'Frame4': 0, 'Frame5': 13, 'Frame6': 7}"
gi|2765643|emb|Z78518.1|CRZ78518,"{'A': 147, 'T': 172, 'C': 157, 'G': 182}",51.52%,"{'ATG': [159, 205, 249, 369, 409, 464, 493, 529, 576], 'TATA': [], 'GAATTC': []}",GGAAAACTCAGCGGGTGGCCCCGCCTGACCTGGGGTCGTATCTGAATGGCAATCAATCGCTCAAGGGTTGTTTTGCCTCCATAGGGGTTCAAATAGGTTCTTCTGTGGGTCCGGCAAATACGACAACATGTGGGATTTGAACGACAGCCTTGCGACTATCAACATGCTCCACCTCCTGCCGGGGTTTGGGCCATCAAAACACCAATCCTTAGACCCACCGCACCTAAGCACAAGGGGTCAATCTTTCATATCTATGCAATACTGGCCTAATTGTATGTCGAGCAAGCATTGGCAAAAGAGATGCAGCACACGACGCCCAGGCAGGCGTGCCCTTAGCCTGATGGCCTTGGGCGCAACTTGCGTTCAAAGACTCGATGGTTCACGGGTATGCGTAACACACACCGTCCATCCGAGTTTGGGGGACAATAATGTAATTCGTCGGCGATGCTTCATATGACTTGGCGCAAACTGCGCCGTGATAGAGGCTCAAACCCGCCATAAAAGCTCTCGAGGATGCCCAACTACAAATCAGGGTCACCACAAAAGTTAAGCCTTCGACGAGCCGAGTAACCACAAGTCCTCCGGATTCACTCGATCGAATATTCTACTATCTCAACAATGATCCTCCCGCAGGTTCACCTACGGAAACCTTGTTACG,"{'Frame1': 16, 'Frame2': 5, 'Frame3': 0, 'Frame4': 14, 'Frame5': 8, 'Frame6': 45}"
gi|2765642|emb|Z78517.1|CFZ78517,"{'A': 182, 'T': 196, 'C': 171, 'G': 203}",49.73%,"{'ATG': [156, 202, 216, 220, 245, 266, 283, 320, 337, 462, 502, 586, 622, 669], 'TATA': [56], 'GAATTC': []}",GCTTAAACTCAGCGGGTGGCCCCGCCTGACCTGGGGTCGTATCTGAATGGCAATCAATCGCTCGAGGGTTGTTTTGCCTCCATTGGGGTTCAAATAGGTTCTTCTGTGGGTCCGACAAATACGACAACATGTGGGATTTGAATGACAGTCTTGCGACTATCAACATGATCCACCTCCTGCCGGGGTTCGGGCCACCAAAACACCAATCCTTAGACCCACCGCACCTAAGCACAAGGGGTCAATCTTTCATATCTATGCAATACTGTCCTAATTGTATGTCGGGCAAGCATTGGCAAAAGAGATGCAGCACACGACGCCCAGGCAGGCGTGCCCTTAGCCTGATGGCCTTGGGCGCAACTTGCGTTCAAAGACTCGATGGTTCACGGGATTCTGCAATTCACACCACTTATCGCATTTCGCTGCGTTCTTCATCGATGGAAGAGCAAGATATCCGTTGGCCGAGAGTCATCAAAAATTTATTGGCATGCACAACAGCACACCGCCCATCCGACTTTTGTGACAATAATGTCATTCATCGGTGATGCTTCATATGACTTGGCGCAAACTGCACCGTGATAGAGGTTCAAACCCGCCATAAAATCTCCTGAGGATGCCCAACGACAAATCAGGGCCACAAAAGCTAAGACTTGGACGAGCCGAGTAACCACAAGTCCTCTGGATTCACTCGATCGTATATTCTACTGTCTCAACAATGATCCTTCCGCAGGTTCACCTACGGAAACCTTGTTACG,"{'Frame1': 17, 'Frame2': 5, 'Frame3': 0, 'Frame4': 1, 'Frame5': 14, 'Frame6': 8}"
gi|2765641|emb|Z78516.1|CPZ78516,"{'A': 174, 'T': 195, 'C': 164, 'G': 193}",49.17%,"{'ATG': [59, 156, 202, 220, 245, 283, 313, 438, 478, 533, 562, 598, 645, 688], 'TATA': [51, 56], 'GAATTC': []}",TTAAACTCAGCGGGTGGCCCCGCCTGACCTGGGGTCATATCTGAATGGCAATCAATCACTCGAGGGTTGTTTTGCCTCCATTGGGGTTCAAATAGGTTCTTCTGTGGGTCCGACAAATACGACAACATGTGGGATTTGAACGATAGTCTTGCGACTATCAACATGCTCCACCTCCTGCCGGGGTTCGGGACATCAAAACACCAATCCTTAGACCCACCGCACCTAAGCACAAGGGGTCAATCTTTCATATCTATGCAATACTGGCCTAATTGTATGTCGGGCAAGCATTGGCAAAAGAGATGCAGCACACGACGCCCAGGCAGGCGTGCCCTTAGCCTGATGGCCTTGGGCGCAACTTGCGTTCAAAGACTCGATGGTTCACGGGATTCTGCAATTCACACCACTTATCGCATTTCGCTAAGATATCCGTTGACGAGAGTCATCAAAAAATTATTGGTATGCACAATAGCACACCGCCCATCCGACTTTGGTGACAATAATGTCATTCGTCGGTGATGCTTCATATGACTTGGCGCAAACTGCGCCGTGATAGAGGTTCAAACCCGCCATAAAAGCTCCTGAGGATGCCCAACGACAAATCAGGGCCACAAAAGCTAAGACTTGGACGAGCCGAGTAACCACAAGTCCTCCGGATTCACTCGATCATATATTATACTGTCTCAACAATGATCCTTCCGCAGGTTCACCTACGGAAACCTTGTTACG,"{'Frame1': 20, 'Frame2': 5, 'Frame3': 0, 'Frame4': 8, 'Frame5': 0, 'Frame6': 13}"
gi|2765640|emb|Z78515.1|MXZ78515,"{'A': 159, 'T': 195, 'C': 188, 'G': 223}",53.73%,"{'ATG': [327, 344, 468, 502, 533, 558, 584, 591, 617, 624, 639, 700], 'TATA': [], 'GAATTC': []}",GCTTAAACTCAGCGGGTGGCCTCACCTGACCTGGGGTTGCTTCCAAATGGCAATCAACCGCCCATGGGTTGGGTTGATGTGGCACCAATGGGGTTCCGAAGGGTCCTACGAATTATGATGGCCCATCAAATCGGACAACATACGGCATTCGCACAACAGCTTTGGCTCAGCCATTGCCCATCCACCTCTTGTCGAATTTTGGACCATCAAAAGCCCGAGGTCTTAGACCCATTGAACCGAAGAACAAGGGGCCAAACTCACATCCGCACCGACCGAACGGTATTCTTGGACAACCATTGGTGGGAGAGACACAGTACACAACGCCCAGGCAGGCGTGCCCTTAGCCTGACGGCCTCGAGCGCAACTTGCGTTCAAAGACTCGATGTTCACGGGATTCTGCAATTCACACCACTTATCGCATTTCGCTGCGTCCTCCATCGATGCAAGAGCCGAGATATCCGTTGCCGAGAGTTGTAAAAATGTAACTTGGGGGGCACGAATCAAGTGCCACCCCCACCGGCTACAAGGGAACACCCCTATGCCGATTCTTGTCTCAAAAGACTTGGCGCGAAGCTGCGCCGGGCTAGAAGTTTGATCGCCTTCAAGAACACTCCCAAGGAGGCCCGATGGCAGATCAAAGGCCACCACAGTAGCGAAAGCCCCTGGGAGATCGAAGTACACCGGTCCTCCAGATTAACTCGATCGTTTATTCTACGGTCTCAGCAATGATCCTTCCGCAGGTTCACCTACGGAAACCTTGTTACG,"{'Frame1': 17, 'Frame2': 5, 'Frame3': 0, 'Frame4': 1, 'Frame5': 38, 'Frame6': 8}"
gi|2765639|emb|Z78514.1|PSZ78514,"{'A': 158, 'T': 174, 'C': 201, 'G': 222}",56.03%,"{'ATG': [126, 162, 207, 240, 244, 331, 348, 470, 509, 540, 624, 631, 646, 656, 699, 722], 'TATA': [56], 'GAATTC': []}",TAGCGGGTAGTCTCACCTGACCTGGGGTTGCATCCTAATGGCCGTCAACCGCCCATGGGTTGGGTCGACGTGCCTCCGACGGGGTTCGAAAGGGATCATTCCGGCCCATCAAATACGACAACATAGGGCATTCGCACAACAGCTTTGTCGCAGCCACCGTCCGTCCACCTCTTGCCGGATTTGTGGACCGTCACAAGCCCAAGTCTTGGACCCATCGCACCGAAGAACAAGGGGCCAAACTCTCATCCTCGCCGGCCGAACAGTATGGCTGTTCAACCTTAGCATTGGGAGAGATGCAGCACGCAACGCCCAGGCAGGCGTGCCCTTAGCCTGATGGCCTCGGGCGCAACTTGCGTTCAAAGACTCGATGGTTCACGGGATTCTGCAATTCACACCACTTATCACATTTCGCTGGGTTCTTCATCGATGCAAGAGCCGAGATATCCGTTGACGAGAGTTGTCAGACGAATCTTAAGGGGGCACAGCAGCACGCCGGCCCTCCCCGGTCCATCCATGGAGGACGAAGACCCTTGTCGGTTCTATCTCATTTGACTTGGAGCGAAACTGCGCCGGGCCAAGGGTTCAATTGCCATAGAGAACTCTCCCAAGGAGGTTCGATGGGAAATCATGGTCACCACAGCGGCGGAAGCCCCTGGGAGACCAAAGTACACCGGTCCTCCGGATTATCTCGATCGTATATTTGGGGGCTTCAAAAATGATCCTCCCGAAGGTCCACCTACGGAAACCTTGTTACG,"{'Frame1': 23, 'Frame2': 5, 'Frame3': 0, 'Frame4': 0, 'Frame5': 2, 'Frame6': 5}"
gi|2765638|emb|Z78513.1|PBZ78513,"{'A': 160, 'T': 167, 'C': 195, 'G': 220}",55.93%,"{'ATG': [126, 162, 207, 239, 259, 323, 340, 462, 501, 532, 616, 623, 638, 691, 712], 'TATA': [], 'GAATTC': []}",CTCAGCGGTAGCTCACTGACTGGGTTGCATCCTAATGGCGTCACCGCCCATGGGTTGGGTCGACGTGCCTCCGAAGGGGTTCGAAAGGGATCGTTCTGGCACATCAAATACGACAACATAGGGCATTCGCACAAAAGCTTCGTCGCAGCCACCGTCCGTCCACCTCTTGCCGGATTTGTGGACCGTCACAAGCCCAAGTCTTGGACCCATCGCACAGAAGAACAAGGGGCCAAACTCTCATCCTCGCCGGCCGAACAGTATGGCTGTTCAACCTTAGCATTGGGAGAGATGCAGCACGCAACGCCCAGGCAGGCGTGCCCTTAGCCTGATGGCCTCGGGCGCAACTTGCGTTCAAAGACTCGATGGTTCACGGGATTCTGCAATTCACACCACTTATCACATTTCGCTGCGTTCTTCATCGATGCAAGAGCCGAGATATCCGTTGCCGAGAGTTGTCGAAAATTCTTTCGGGCACAGCAGCATGCCGGCCTCCCCGGCTCCATGGAGGACGATGCCCTTGCCGGTTCTATCTCATTTGACTTGGCGCGAAACTGCGCCGGGCCAAGGGTTCAATTGCCATGGAGAAATCTCCCAATGAGGCTCGATGGCAAATCATGGTCACCACAGCGGCGGAAGCCCCTGGGAGACCAAAGTACACCGGTCCTCCGGATTAACTCGATCGTGTATTTGGCGGTCTCAACAATGATCCTTCCGCAGGTTCACCTACGGAAACCTTGTTACG,"{'Frame1': 23, 'Frame2': 5, 'Frame3': 0, 'Frame4': 107, 'Frame5': 5, 'Frame6': 2}"
gi|2765637|emb|Z78512.1|PWZ78512,"{'A': 159, 'T': 175, 'C': 199, 'G': 229}",56.17%,"{'ATG': [162, 169, 208, 213, 241, 279, 331, 348, 512, 543, 626, 648], 'TATA': [], 'GAATTC': [153]}",GCTTAAACTCAGCGGGTGGCCTCACCTGACCTGGGGTTGGATCCAAATGACCGTCGACCGCCCACGGGTTGACGTGCCTCCAATGGGGTTCAAAAGGGATTTATTCCGGCCCATCAAATACGACAACGCAGGGCATTCGCACGACAGCTTCGTCGCAGCCACCGTCCGTCCACCTCTTGCCGGATTTCCGGCCGTCAAAAGCCCAGGTCTTGGACCCATCGCACCGAAGAACAAGGGGCCAAACACTCATCCGCGCCGGCCGAACAGTATGCCTGTTCAGCCTTAGCAATGGGAGAGAGATGCAGCACGCAACGCCCAGGCAGGCGTGCCCTTAGCCTGATGGCCTCGGGCGCAACTTGCGTTCAAAGACTCGATGGTTCACGGGATTCTGCAATTCACACCAGCTTATCACATTTCGCTGCGTTCTTCATCGATGCAAGAGCCGAGATATCCGTTGCGAGAGTTGTCAAAAAATAATTTCATTGGGGGAACGGAAGAACGCCGGCCCTCCCCGGTTCCATGGGGGACGATGCCCTCCGCCGGTTCCATCTCATTTGATTTGGGGCGAAACTGCGCCGGGCCAAGGGTTTCATTTGCCATCAAGAATTCCTCCCAGAGGGTTCGACGGAAATTCACGGTCACCACAGTAGCCAAGGCCCCTGGGAGACCAAACTACACCGGCCCTCCGGATTAATTCGATCGTTTTTTTGGGGGCTTCAAAAATGATCCTCCCGAAGGTCCACCTACGGAAACCTTGTTACG,"{'Frame1': 23, 'Frame2': 5, 'Frame3': 0, 'Frame4': 1, 'Frame5': 94, 'Frame6': 8}"
gi|2765636|emb|Z78511.1|PEZ78511,"{'A': 152, 'T': 174, 'C': 193, 'G': 226}",56.24%,"{'ATG': [162, 207, 212, 240, 278, 332, 350, 513, 544, 627, 649, 721], 'TATA': [], 'GAATTC': [153]}",TCCTCACCTGACCTGGGGTTGCATCCAAATGGCCGTCGACCGCCCACGGGTTGACGTGCCTCCAATGGGGCTCAAAAGGGATTTATTCCGGCCCATCAAATACGACAGCGTAGGGCATTCGCACGACAGCTTCGTCGCAGCCACCGTCCGTCCACCTCTTGCCGGATTTCCGGCCGTCAAAAGCCCAGGTCTTGGACCCATCGCACCGAAGAACAAGGGGCCAAACACTCATCCGCGCCGGCCGAACAGTATGCCTGTTCAGCCTTAGCAATGGGAGAGAGATGCAGCACGCAACGCCCAGGCAGGCGTGCCCTTAGCCTGATGGCCTCGGGCGCAACTTGCGTTCAAAGACTCGATGGTTCACGGGATTCTGCAATTCACACCACTTATCACATTTCGCTGGGTTCTTTCATCGGATGCAAAGAGCCGAGATATCCGTTGCCGAGAGTTGTCAAAAAAAAATTCATGGGGGGAACGGAAGAACGCCGGCCCTCCCCGGTTCCATGGAGGACGATGCCCTCCGCCGGTTCCATCTCATTTGACTTGGGGCGAAACTGCGCCGGGCCAAGGGTTCAATTGCCATCAAGAATTCTCCCAAGGAGGTTCGACGGAAATTCACGGCCACCACAGTAGCCAAAGCCCCTGGGAGACCAAACTACACCGGTCCTCCGGATTAACTCGATCGTTTTTTTGGGGGTCTCAACAATGATCCTTCCGAAGGTTCACCTACGGAAACCTTGTTACG,"{'Frame1': 23, 'Frame2': 5, 'Frame3': 0, 'Frame4': 17, 'Frame5': 88, 'Frame6': 2}"
gi|2765635|emb|Z78510.1|PCZ78510,"{'A': 151, 'T': 171, 'C': 210, 'G': 218}",57.07%,"{'ATG': [166, 204, 237, 325, 343, 504, 535, 618, 640, 689, 712], 'TATA': [], 'GAATTC': [150]}",TAAACTCAGCGGGTGGCTCACCTGACCTGGGGTTGCATCCAAATGGCCGTCAACCGCCCATGGGTTGACGTGCCTCCAATGGGGTTCAAAAGGGATTTATTCCGGCCCATCAAAAACGACAACGCAGGGCATTCGCACGACAGCTTTGTCGCAGCCACCGTCCGTCCACCTCTTGCCGGATTTTGGACCGTCAAAAGCCCAGGTCTTGGACCCATCGCACCGAAGAACAAGGGGCCAATCTCTCATCCGCGCCGGCCGAACAGTATGCCCGTTCAACCTTAGCAATGGGAGAGATGCAGCACGCAACGCCCAGGCAGGCGTGCCCTTAGCCTGATGGCCTCGGGCGCAACTTGCGTTCAAAGACTCGATGGTTCACGGGATTCTGCAATTCACACCACTTATCACATTTCGCTGCGTTCTTCCATCCGATGCAAAGAGGCGAGATATCCGTTGCGAGAGTTGTCAAAAAATCCGAGGGGGGAACGGAAGAATGCCGGCCCTCCCCGGTTCCATGGGGGGGGACGCCCCCTGCCGGTCCTATCTCATTTGATTGGGGGGGAAATTGCGCCGGGCCAAGGGTCCATTGGCCACCAAGAATTCTCCCAGGGGGGTTCGATGGAAATTCACGGCCACCAAGGGGGGAAAGCCCCTGGGGAGACCAAATTAAACCGGTCCTCCGGTTTAATTCGATCGTTTTTTCGGGGGCTTAAAAAGGAATCCTCCCGAAGGTCACCTCGGAACCCTGGTTAG,"{'Frame1': 6, 'Frame2': 0, 'Frame3': 13, 'Frame4': 0, 'Frame5': 7, 'Frame6': 21}"
gi|2765634|emb|Z78509.1|PPZ78509,"{'A': 151, 'T': 174, 'C': 182, 'G': 224}",55.54%,"{'ATG': [162, 207, 240, 260, 277, 323, 485, 516, 599, 621, 671], 'TATA': [56], 'GAATTC': []}",TCCTAAAATTAACGGGTGCCTTAACTTGCCGGGGTTAACCAAATGCCCGTCACCCCCCATTGGGTTGACGTGCCTCCAATGGGGTTCAAAAGGGATTTATTCTGGCCCATCAAAAACGACAACGTAGGGCATTCGCACGACAGCTCTGTCGCAGCCACCGTCCGTCCACCTCTTGCCGGATTTTGGACCGTCAAAAGCCCAGGTCTTGGACCCATCGCACCGAAGAACAAGGGGCCAAACTCTCATCCGCGCCGGCCGAACAGTATGCCCGTTCAACCTTAGCAATGGGAGAGATGCAGCACGCAACGCCCAGGCAGGCGTGCCCTTAACCTGATGGCCTCGGGCGCAACTTGCGTTCAAAGACTCGATGGTTCACGGGATTCTGCAATTCACACCTGCTTATCACATTTAAACCTTGTTACGTCCGTTGCCGAGAGTTGTCAGAAAAATTCATGGGGGGGCACGGAGCATGCCGGCCCTCCCCGCTCCATGGAGGACGACGCCCTCCGCCGGTTCTATCTCATATGACTTGGCGCGAAACTGCGCCGGGCCAAGGGTTCAATTGCCATCAAGAAATCTCCCAAGGAGGCTCGATGGCAAATCACGGTCACCACAGCGGCGAAAGCCCCTGGGAGACCAAACTACACCGGTCCTCCGGATTAACTCGATCGTATATTTGGCGGTCTCAACAATGATCCTTCCGCAGGTTCACCTACGGAAACCTTGTTACG,"{'Frame1': 23, 'Frame2': 5, 'Frame3': 0, 'Frame4': 1, 'Frame5': 41, 'Frame6': 11}"
gi|2765633|emb|Z78508.1|PLZ78508,"{'A': 151, 'T': 169, 'C': 192, 'G': 229}",56.82%,"{'ATG': [162, 207, 240, 261, 278, 327, 344, 505, 536, 619, 641, 690, 712], 'TATA': [56], 'GAATTC': []}",TCAGCGGTGGCTCACTGACTGGGTTGCATCCAAGTGGCCGTCACCGCCCATGGGGTTGACGTGCCTCCAATGGGGTTCAAAGGGATTTATTCCGGCCCATCAAATACGACAACGTAGGGCATTCGCACGACAGCTCTGTCGCAGCCACCGTCCGTCCACCTCTTGCCGGATTTTGGACCGTCAAAAGCCCAGGTCTTGGACCCATCGCACCGAAGAACAAGGGGCCAAACTCTCATCCGCGCCGGCCGAACAGTATGCCCGTTCAACCTTAGCAATGGGAGAGATGCAGCACGCAACGCCCAGGCAGGCGTGCCCTTAGCCTGATGGCCTCGGGCGCAACTTGCGTTCAAAGACTCGATGGTTCACGGGATTCTGCAATTCACACCACTTATCACATTTCGCTGCGTTCTTCATCGATGCAAGAGCCGAGATATCCGTTGCCGAGAGTTGTCAAAAAATTCATTGGGGGCACGGCAGCATGCCGGCCCTCCCCGGCTCCATGGAGGACGACGCCCCCTGCCGGTTCTATCTCATATGACTTGGCGCGAAACTGCGCCGGGCCAAGGGTTCAATTGCCATCAAGAAATCTCCCAAGGAGGCTCGATGGCAAATCACGGTCACCACAGCGGCGAAAGCCCCTGGGAGACCAAACTACACCGGTCCTCCGGATTAACTCGATCGTATATTTGGCGGTCTCAACAATGATCCTTCCGCAGGTTCACCTACGGAAACCTTGTTACG,"{'Frame1': 23, 'Frame2': 5, 'Frame3': 0, 'Frame4': 5, 'Frame5': 105, 'Frame6': 18}"
gi|2765632|emb|Z78507.1|PLZ78507,"{'A': 153, 'T': 170, 'C': 193, 'G': 224}",56.35%,"{'ATG': [162, 207, 212, 240, 277, 325, 342, 505, 536, 619, 641, 711], 'TATA': [], 'GAATTC': []}",TCAGCGGTGGCTCACTGACTGGGTTGCATCCAAATGGCCGTCGACCGCCACGGGTTGACGTGCCTCCAATGGGGTTCAAAGGGATTTATTCCGGCCCATCAAATACGACAACGCAGGGCATTCGCACGACAGCTTCGTCGCAGCCACCGTCCGTCCACCTCTTGCCGGATTTCCGGCCGTCAAAAGCCCAGGTCTTGGACCCATCGCACCGAAGAACAAGGGGCCAAACACTCATCCGCGCCGGCCGAACAGTATGCCTGTTCAGCCTTAGCAATGGGAGAGAGATGCAGCACGCAACGCCCAGGCAGGCGTGCCCTTAGCCTGATGGCCTCGGGCGCAACTTGCGTTCAAAGACTCGATGGTTCACGGGATTCTGCAATTCACACCACTTATCACATTTCGCTGTGTTCTTCATCGATGCAAGAGCGAGATATCCGTTGCGAGAGTTGTCAAAAAAATTCATTGGGGGACGGAAGCACGCCGGCCCTCCCCGGTTCCATGGAGGACGATGCCCTCCGCCGGTTCCATCTCATTTGACTTGGGGCGAAACTGCGCCGGGCCAAGGGTTCAATTGCCATCAAGAAATCTCCCAAGGAGGCTCGACGGAAATTCACGGTCACCACAGTAGCCAAAGCCCCTGGGAGACCAAACTACACCGGTCCTCCGGATTAACTCGATCGTTTTTTTGGGGGTCTCAACAATGATCCTTCCGCAGGTTCACCTACGGAAACCTTGTTACG,"{'Frame1': 23, 'Frame2': 5, 'Frame3': 0, 'Frame4': 5, 'Frame5': 18, 'Frame6': 105}"
gi|2765631|emb|Z78506.1|PLZ78506,"{'A': 153, 'T': 167, 'C': 188, 'G': 219}",55.98%,"{'ATG': [126, 162, 207, 240, 261, 323, 486, 517, 600, 622, 671, 694], 'TATA': [56, 465], 'GAATTC': []}",TCAGCGGGTGGCCTCACCTGACTGGGTTGGCATCCAATGGCCGTCAAACCGCCCATGGGTTGACGTGCCTCCAATGGGGTTCAAAAGGGATTTATTCTGGCCCATCAAATACGACAACGTAGGGCATTCGCACGACAGCTTTGTCGCAGCCACCGTCCGTCCACCTCTTGCCGGATTTTTTACCGTCAAAAGCCCAGGTCTTGGACCCATCGCACCGAAGAACAAGGGGCCAAACTCTCATCCGCGCCGGCCGAACAGTATATGCCTGTTCGACCTTAGCAACGGGAGAGATGCAGCACGCAACGCCCAGGCAGGCGTGCCCTTAGCCTGATGGCCTCGGGCGCAACTTGCGTTCAAAGACTCGATGGTTCACGGGATTCTGCAATTCACACCACTTATCACATTATGAGCTGAGGGCTCCTTGAACGAGAGTTGTCAGCCCGATTCAAAGGGGGTACGGCGGCATGCCGGTCCTCCCCGGTTCCATGGAGGACGAAGCCCTCTGCCGGTTCTATCTCATACGACTTGGCGCGAAACTGCGCCGGGCCAAGGGTTCAATTGCCATCAAGAAATCTCCCGAGGAGGCTCGATGGAAAATCATGGTCACCGCAGTAGCCAACGCCCCTGGGAGACCAAACTACACCAGTCCTCCGGATTAACTCGATCGTATATTTTGCGGTCTCAACAATGATCCTTCCGCAGGTTCACCTACGGAAACCTTGTTACG,"{'Frame1': 23, 'Frame2': 5, 'Frame3': 0, 'Frame4': 6, 'Frame5': 109, 'Frame6': 39}"
gi|2765630|emb|Z78505.1|PSZ78505,"{'A': 149, 'T': 166, 'C': 182, 'G': 214}",55.70%,"{'ATG': [126, 162, 207, 240, 278, 304, 465, 496, 579, 601, 650, 673], 'TATA': [56], 'GAATTC': []}",AAAACTCAGCGGGTGGCTCACCTGACCTGGGGTTGCATCCAAATGGCCGTCAACCGCCCATGGGTTGACGTGCCTCCAATGGGGTTCAAAAGGGATTTATTCCGGCCCATCAAATACGACAACGCAGGGCATTCGCACGACAGCTTTGTCGCAGCCACCGTCCGTCCACCTCTTGCCGGATTTTTTACCGTCAAAAGCCCAGGTCTTGGACCCATCGCACCGAAGAACAAGGGGCCAAACTCTCATCCGCGCCGACCGAACAGTATGCCTGTTCGACCTTAGCAACGGGAGAGATGCAGCACGCAACGCCCAGGCAGGCGTGCCCTTAGCCTGATGGCCTCGGGCGCAACTTGCGTTCAAAGACTCGATGGTTCACGGGATTCTGCAATTCACACCACTTATCACATTGACGAGAGTTGTCACAAAGATTCATTGGGGGTATGGTGGTATGCCGGGCCTCCCCGGTTCCATGGAGGACGAAGACCTCTGCCGGTTCTATCTCATACGACTTGGCGCGAAACTGCGCCGGGCCACGGGTTCAATTGCCATCAAGAAATCTCCCGAGGAGGCTCGATGGAATATCATGGTCACCGCAGTAGCCACCGCCCCTGGGAGACCAAACTACACCAGTCCTCCGGATTAACTCGATCGTATATTTGGCGGTCTCAACAATGATCCTTCCGCAGGTTCACCTACGGAAACCTTGTTACG,"{'Frame1': 23, 'Frame2': 5, 'Frame3': 0, 'Frame4': 93, 'Frame5': 7, 'Frame6': 21}"
gi|2765629|emb|Z78504.1|PKZ78504,"{'A': 162, 'T': 171, 'C': 194, 'G': 216}",55.18%,"{'ATG': [125, 161, 206, 240, 261, 279, 326, 343, 503, 534, 617, 639, 688, 709], 'TATA': [56], 'GAATTC': []}",TTACTCAGCGGTGGCTCACTGACTGGGGTTGCATCCAATGGCCGTCACCGCCCATGGGTTGACGTGCCTCCAATGGGGTTCAAAAGGGATTTATTCTGGCCCATCAAATACGACAACGTAGGGCATTCGCACGACAGTTTTGTCGCAGCCACCGTCCGTCCACCTCTTGTCGGATTTGGTACCGTCAAAAGCCCAGGTCTTGGACCCATCGCACCGAAGAACAAGGGGCCAAACTCTCATCCGCGCCGGCCGAACAGTATGTCTGTTCGACCTTAGCAACGGGAGAGATGCAGCACGCAACGCCCAGGCAGGCGTGCCCTTAGCCTGATGGCTCGGGCGCAACTTGCGTTCAAAGACTCGATGGTTCACGGGATTCTGCAATTCACACCACTTATCACATTTCGCTGCGTTCTTCATCGATGAAGAGCGAGATATCCGTTGCGAGAGTTGTCAAAAAGATTCATTGGGGGCACGGCGGGCATGCCGGCCCTCCCCGGCTCCATGGAGGGACGATGCCCTCTGACGGTTCTATCTCATACGACTTGGCGCGAAACTGCGCCGGGCCAAGGGTTCAATTGCCATCAAGAAATCTCCCGAGGAGGCTCGATGGAAAATCATGGTCACCGCAGTAGCCAACGCCCCTGGGAGACAAACTACACCAGTCCTCCGGATTAACTCGATCGTATATTTTGCGGTCTCAACAATGATCCTTCCGAAGGTTCACCTACGGAAACCTTGTTACG,"{'Frame1': 23, 'Frame2': 5, 'Frame3': 0, 'Frame4': 91, 'Frame5': 6, 'Frame6': 19}"
gi|2765628|emb|Z78503.1|PCZ78503,"{'A': 149, 'T': 169, 'C': 191, 'G': 218}",56.26%,"{'ATG': [162, 177, 207, 240, 261, 278, 512, 595, 617, 666, 689], 'TATA': [56], 'GAATTC': []}",TTATCTCAGCGGGTGGCTCACCTGACCTGGGGTTGCATCCAAATGGCCGTCAACCGCCCATGGGTTGACGTGCCTCCAATGGGGTTCAAAAGGGATTTATTCTGGCCCATCAAATACGACAACGTAGGGCATTCGCACGACAGCTTTGTCGCAGCCACCGTCCGTCCACCTCTTGCCGGATTTTGGACCGTCAAAAGCCCAGGTCTTGGACCCATCGCACCGAAGAACAAGGGGCCAAACTCTCGTCCGCGCCGGCCGAACAGTATGCCCGTTCAACCTTAGCAATGGGAGAGATGCAGCACGCAACGCCCAGGCAGGCGTGCCCTTAGCCTGATGGCCTCGGGCGCAACTTGCGTTCAAAGACTCGATGGTTCACGGGATTCTGCAATTCACACCACTTATCACAAAGAGCTGAGACTCCGTTGCCGAGAGTTGTCAAAATAATTCATTGGGGGTACGGTAGCATGCCGGCCCTCCCCGGTTCCATGGAGGACGACGCCCCCTGCCGGTTCTATCTCATATGACTTGGCGCGAAACTGCGCCGGGCCATGGGTTCAATTGCCATCAAGAAATCTCCCAAGGAGGCTCGATGGTAAATCACGGACACCACAGCGGCGAAAGCCCCTGGGAGACCAAACTACACCGGTCCTCCGGATTAACTCGATCGTATATTTGGCGGTCTCAACAAGGATCCTTCCGGAGGTTCACCTACGGAAACCTGGTTACG,"{'Frame1': 23, 'Frame2': 5, 'Frame3': 0, 'Frame4': 93, 'Frame5': 7, 'Frame6': 21}"
gi|2765627|emb|Z78502.1|PBZ78502,"{'A': 156, 'T': 174, 'C': 199, 'G': 228}",56.41%,"{'ATG': [162, 177, 207, 240, 278, 327, 346, 538, 621, 643, 692, 715], 'TATA': [56, 286], 'GAATTC': []}",GCGTAAACTCACGGGGTGGCCTCACCTGACCTGGGGTTGCATCCAAATGGCCGTCAACCGCCCATGGGTTGACGTGCCTCCAATGGGGTTCAAAAGGGATTTATTCTGGCCCATCAAATACGACAACGTAGGGCATTCGCACGACAGCTTTGTCGCAGCCACCGTCCGTCCACCTCTTGCCGGATTTTGGACCGTCAAAAGCCCAGGTCTTGGACCCATCGCACCGAAGAACAAGGGGCCAAACTCTCGTCCGCGCCGGCCGAACAGTACGCCCGTTCAACCTTAGCAATGGGAGAGATGCAGCACGCAACGCCCAGGCAGGCGTGCCCTTAGCCTGATGGCCTCGGGCGCAACTTGCGTTCAAAGACTCGATGGTTCACGGGATTCTGCAATTCACACCACTTATCACATTTTCGCTGCGTCCTTCCATCGATGCAAGAGCCGAGATTCCGGCCGAGAGTTGTCAATATAAAATTCATTGGGGGGACGGTAGTATGCCGGCCCTCCCCGGCTCCATGGAGGACGACGACCCCTGCCGGTTCTATCTCATATGACTTGGCGCGAAACTGCGCCGGGTCATGGGTTCAATTGCCATCAAGAAATCTCCCAAGGAGGCTCGATGGCAAATCACGGTCACCACAGGGGCGAAAGCCCCTGGGAGACCAAACTACACCGGTCCTCCGGATTAACTCGATCGTATATTTGGCGGTCTCAACAATGATCCTTCCGGAGGTTCACCTACGGAAACCTGGTTACG,"{'Frame1': 23, 'Frame2': 5, 'Frame3': 0, 'Frame4': 1, 'Frame5': 94, 'Frame6': 8}"
gi|2765626|emb|Z78501.1|PCZ78501,"{'A': 155, 'T': 180, 'C': 192, 'G': 243}",56.49%,"{'ATG': [163, 208, 213, 241, 279, 337, 520, 551, 634, 656, 728], 'TATA': [56], 'GAATTC': []}",TCTTAAACTCAGCGGGTGGCCTCACCTGACCTGGGGTTGCATCCAAATGGCCGTCGACCGCCCACGGGTTGACGTGCCTCCAATGGGGTTCAAAAGGGATTTATTCCGGCCCATCAAATACGACAGCGTAGGGCATTCGCTCGACAGCTTCGTCGCAGCCACCGTCCGTCCACCTCTTGCCGGATTTCCGGCCGTCAAAAGCCCAGGTCTTGGACCCATCGCACCGAAGAACAAGGGGCCAAACACTCATCCGCGCCGGCCGAACAGTATGCCTGTTCAGCCTTAGCAATGGGAGAGAGATGCAGCACGCAACGCCCAGGCAGGCGTGCCCTTAGCCTGATGGCCTCGGGCGCAACTTGCGTTCAAAAGACTCGATGGTTCACGGGATTCTGCAATTCACAACACTTATCACAATTTCGCTGCGTCCTTCCATCCGATGCAAGGAGCCGAGATTTCCCGTTTGGCCGAGAGTTGCCCAAAAAAAAATTCATTGGGGGCACGGCAACACGCCGGCCCTCCCCGGCTCCATGGAGGACGATTCCCTCCGCCGGTTCCATCTCATATGACTTGGCGCGAAACTGCGCCGGGCCAAGGGTTCAATTTCCATCAAGAAATCTCCCAAGGAGGCTCGACGGCAAAGTCACGGTCACCACAGTAACCAAAGCCCCTGGGAGACCAAACTACACCGGTCCTCCGGATTAACTCGATCGTATATTTTGCGGTCTCAACAATGATCCTTCCGCAGGTTCACCTACGGAAACCTTGTTACG,"{'Frame1': 23, 'Frame2': 5, 'Frame3': 0, 'Frame4': 1, 'Frame5': 94, 'Frame6': 8}"
gi|2765625|emb|Z78500.1|PWZ78500,"{'A': 149, 'T': 179, 'C': 196, 'G': 243}",57.24%,"{'ATG': [163, 208, 213, 241, 279, 337, 518, 549, 632, 654, 726], 'TATA': [], 'GAATTC': []}",CTTAAACTCAGCGGGTGGCCTCACCTGACCTGGGGTTGCATCCAAATGGCCGTCGACCGCCCACGGGTTGACGTGCCTCCAATGGGGTTCAAAAGGGATTTATTCCGGCCCATCAAATACGACAGCGTAGGGCATTCGCACGACAGCTTCGTCGCAGCCACCGTCCGTCCACCTCTTGCCGGATTTCCGGCCGTCAAAAGCCCAGGTCTTGGACCCATCGCACCGAAGAACAAGGGGCCAAACACTCATCCGCGCCGGCCGAACAGTATGCCTGTTCAGCCTTAGCAATGGGAGAGAGATGCAGCACGCAACGCCCAGGCAGGCGTGCCCTTAGCCTGATGGCCTCGGGCGCAACTTGCGTTCAAAGACTCGATGGTTCACGGGATTCTGCAATTCACACCACTTATCACAATTCGCTGCGTCCTTCCATCCGATGCAAAGAGCCGAGATTCCCGTTGGCCGAGAAGTTTTCCCAAAGAAAAATTCATTGGGGGCACGGCAGGACGCCGGCCCTCCCCGGCTCCATGGAGGGCGATGCCCTCCGCCGGTTCCATCTCATATGACTTGGCGCGAAACTGCGCCGGGCCAAGGGTTCAATTGCCATCAAGAAATCTCCCAAGGAGGCTCGACGGCAAAGTCACGGTCACCACAGTAACCAAAGCCCCTGGGAGACCAAACTACACCGGTCCTCCGGATTAACTCGATCAATTATTTTGCGGTCTCAACAATGAGCCTTCCGCAGGTTCACCTACGGAAACCTTGTTACG,"{'Frame1': 20, 'Frame2': 5, 'Frame3': 0, 'Frame4': 94, 'Frame5': 8, 'Frame6': 0}"
gi|2765624|emb|Z78499.1|PMZ78499,"{'A': 170, 'T': 198, 'C': 185, 'G': 206}",51.52%,"{'ATG': [136, 210, 221, 267, 340, 357, 479, 491, 515, 574, 607, 632, 654, 709, 720, 732], 'TATA': [], 'GAATTC': [247]}",GGTTGCTCACCTGACCTGGGGTCGCATCCAAAAGGCCATCAACTGATCATGGGTTGATGGGCCTCCAATGGGGTTCACAAGGGTCTCTAGATTATGATGGCCCATCTAATACGACAACCTGGAGCATTCGCCCAACAGTTTTGTTGTAGCATGATTCGTCCACCTCTTGCCGAATTTAGGACCATCAAAAGCCCCTGCAGCTCTTAGACCCCCAGCACCAAAGAACAAGGGGGCAAACTCACATCCGCACCGGCTGAACAGTATGCATGGACAGCCTCATTAAGGGAGAGATATGACTCGCAATGCCCAGGCAGGCGTGCCCTTGGCCTGATGGCTTGGGCGCAACTTGCGTTCAAAGACTCGATGGTTCACGGGATCTTGCAATTCACACACTTATCGCATTTCGCTGCGTCCTCCATCCGATGCAAAGAGCCGAGATATCCGTTGGCTGAGAGTTGTCAAAAAAATAATTGGGAGAGGTCAAGGCCACATGCCGTCCCCTCCTCGAATTCAACGAAGGGGGTATGTCCTTCACCATTTATGTGTCATATGACTTGGTGCAAAACTGCGACGGGCAAGGGTTAGATCGCCGGCAAGAAAGCTCCCAAGGAGGCTCCCTCCATGGAAAATCTAGGTCACCGCAATAGCAGGCGCCCAAGGGTGACCAAAGTAAACCGATCCTCTGGATTATCTCGATCAATTATTATGCGATCTCAACAATGATCCCTCCGCAGGTTCACCTACGGAAACCTTGTTACG,"{'Frame1': 20, 'Frame2': 5, 'Frame3': 0, 'Frame4': 18, 'Frame5': 14, 'Frame6': 3}"
gi|2765623|emb|Z78498.1|PMZ78498,"{'A': 172, 'T': 193, 'C': 187, 'G': 198}",51.33%,"{'ATG': [101, 136, 206, 217, 323, 340, 464, 476, 500, 559, 612, 634, 700], 'TATA': [], 'GAATTC': []}",GCTTAAACTCAGCGGGTTGCTCACTGACTGGGGTCGCAACAAATGGCCATCAACTGATCACGGGTTGATGTGCCTCCAGTGGGGTTCACAAGGGTCTTTAGATTATGCTGGCCCATCTAATACGACAACCTGGAGCATTCGCACAACAGTTTTGTTGTAATTCGTCCACCTCTTGCCGAATTTAGGACCATCAAAAGCCCCTGCAGCTCTTAGACCCCCAGCACCGAAGAACAAGGGGCCAAACTCACATCCGCACCGGCTGAACAGTATGCATGTACAGCCTCATTAAGGGAGAGATATGACTCGCAATGCCCAGGCAGGCGTGCCCTTGGCCTGATGGCCTTGGGCGCAACTTGCGTTCAAAGACTCGATGGTTCACGGGATCCTGCAATTCACACCACTTATCGCATTTCGCTGGGTTCTTCATCGATGCAAGAGCCGAGATATCCGTTGCTGAGAGTTGTCCAAAAATAATTTGGAGAGGGGGAGTGATTGTAGGGTCAAGGGCAAAATGCCGCCCCCTCCTTCGCCATTATTGTGTCATATGACTTGGGGCAAAACTGCCCCGGGCAAGGGTAAGATCGCCGGCAAGAAAACTCCCAAGGAGGCTCCATGGCAAATCTAGGTCACCGCAATAGCAAGCACCCATGGGTGACCGGAGTAAACTGATCCTCTGGAGTAACTCGATCAATTATTATGTGATCTCAACAATGACCTTTCCGCAGGTTCACCTACGGAAACCTTGTTACG,"{'Frame1': 20, 'Frame2': 5, 'Frame3': 0, 'Frame4': 1, 'Frame5': 52, 'Frame6': 21}"
gi|2765622|emb|Z78497.1|PDZ78497,"{'A': 179, 'T': 195, 'C': 197, 'G': 217}",52.54%,"{'ATG': [101, 136, 206, 217, 262, 351, 369, 588, 646, 668, 723, 734], 'TATA': [], 'GAATTC': [241]}",GCTTAAACTCAGCGGGTTGCCTCACCTGACCTGGGGTCGCAACCAAATGGCCATCAACTGATCATGGGTTGATGGGCCTCCAATGGGGTTCACAAGGGTGTTTAGATTATGCTGGCCCATCTAATACGACAACCCGGGGCATTCGCACAACAGTTTTGTTGTAGCGCGTTGCGTCCACCTCTTGCCGAATTTAGGACCATCAAAAGCCCCTGCAGCTCTTAGACCCCCAGCACCAAAGAACAAGGGGCCAAACTCACACCCGCACCGGCTGAACAGTATGCCTGGACAGCCTCGTTAAGGGAGAGATATGACTCGCAATGCCCAGGCAGGCGTGCCCTTGGCCTGATGGCCTTGGGCGCAACTTGCGTTCAAAGACTCGATGGTTCACGGGATTCTGCAATTCACACCACTTATCGCATTTCGCTGCGTTCCTTCATCGATGCAAGAGCTGAGATCTCCGTTGCTGAGAGTTGTTTCACAAAAAATAATTTGGAGAGGGGGAGGGAGTGTAGGCTCAAGGCCACATGCCCTTCACCTCCTTGAATTCACAAAGGGCCGTGCCCTTCACCATTTATGTGTCATGTGACTTGGCGCAAAACTGCGCCGGGCAAGGGTTAGATCGCCGGCAAGAAAGCTCCCAAGGAGGCTCCATGGCAAATCTAGGTCACCGCAATAGCAAGCGCCCATGGGCGACCAAAGTAAACTGATCCTCTGGATTCACTCGATCAATTATTATGTGATCTCAACAATGATCCTTCCGCAGGTTCACCTACGGAAACCTTGTTACG,"{'Frame1': 20, 'Frame2': 5, 'Frame3': 0, 'Frame4': 1, 'Frame5': 19, 'Frame6': 8}"
gi|2765621|emb|Z78496.1|PAZ78496,"{'A': 171, 'T': 202, 'C': 184, 'G': 217}",51.81%,"{'ATG': [136, 210, 265, 335, 353, 478, 490, 514, 573, 606, 631, 653, 708, 719], 'TATA': [], 'GAATTC': [245]}",GCTTAAACTCAGCTGGTTGCCTCACCTGACCTGGGGTCGCAACCCAAAAGGCCATCAACTGATCATGGGTTGATGGGCCTCCAATGGGGTTCACAAGGGTCTCTAGATTATGATGGCCCATCTAATACGACAACCTGGAGCATTCGCCCAACAGTTTTGTTGTAGCATGATTCGTCCACCTCTTGCCGAATTTAGGACCATCAAAAGCCCCTGCAGCTCTTAGACCCCCAGCACCAAAGAACAAGGGGCCAAACTCACATCCGCACCGGCTGAACAGTATGCATGGACAGCCTCATTAAGGGAGAGATATGACTCGCAATGCCCAGGCAGGCGTGCCCTTGGCCTGATGGCCTTGGGCGCAACTTGCGTTCAAAAGACTCGATGGTTCACGGGATTCTGCAATTCACACCACTTATCGCATTTCGGTGCGTCCCTCCATCGATGCAAGAGCCGAGATATCCGTTGCTGAGAGTTGTTCAAAAAATTAATTGGAGAGGTCAAGGCCACATGCCGGCCCCTCCTCGAATTCACGAAGGGATATGCCCTTCACCAATTATGTGTCATATGACTTGGCGCAAAACTGCGCCGGGCAAGGGTTAGATCGCCGGCAAGAAAGCTCCCAAGGAGGCTCCCTCCATGGCAAATCTAGGTCACCGCAATAGCAGGCGCCCAAGGGTGACCAAAGTAAACCGATCCTCTGGATTAACTCGATCAATTATTATGCGATCTCAACAATGATCCTTCCGCAGGTTCACCTACGGAAACCTTGTTACG,"{'Frame1': 20, 'Frame2': 5, 'Frame3': 0, 'Frame4': 1, 'Frame5': 23, 'Frame6': 8}"
gi|2765620|emb|Z78495.1|PEZ78495,"{'A': 172, 'T': 198, 'C': 197, 'G': 222}",53.11%,"{'ATG': [101, 136, 208, 265, 355, 446, 498, 510, 534, 593, 654, 676, 731, 742], 'TATA': [], 'GAATTC': []}",CACTCAGCGGGTTGCTCACTGACCTGGGGTCGCAACCGAATGGCCATCAACTGATCATGGGTTGATGGGCCTCCAATGGGGTTCACAAGGGTCTCTGGATTATGCCGGCCCATCTAATACGACAACCTGGAGCATTCGCACAACAACAGTGTTGTTGTAGCCTGATTCGTCCACCTCTTGCCGAATTTAGGACCATCAAAAGCCCCTGCTGCTCTTAGACCCCCAGCACCAAAGAACAAGGGGCCAAACTCACATCCGCACCGGCTGAACAGTATGCATGGACAGCCTCATTGAGGGAGAGAGATGACTCGCAATGCCCAGGCAGGCGTGCCCTTGGCCTCATGGCCTCGGGCGCAACTTGCGTTCAAAAGACTCGATGGTTCACGGGATTCTGCAATTCACACCACTTATCGGATTTCGCTGCGTTCCTCCATCCGATGCAAGAGCTGAGATATCCGTTGCTGAGAGTTGTTCAGAAAAATACTTTGGAGAGGGGGAGAGCGAGTGCAGTGTCAAGGCCACATGCCGCCCCCCCTCCTTGAATACACGAAGGGCTATGCCCTTCACCAATTATGTGTCATATGACTTGGCGCAAAACCGCGCCGGACAAGGGTTAGATCGCCGGCAAGAAAGCTCCCAAGGAGGCTCTCCATGGCAACTCTAGGTCACCGCAATAGCAAGCGCCCATGGGTGACCAAAGTAAACCGATCCTCTGGATTATCTCGATCAATTATTATGTGATCTCAACAATGATCCTTCCGGAGGTTCACCTACGGAAACCTTGTTACG,"{'Frame1': 20, 'Frame2': 5, 'Frame3': 0, 'Frame4': 17, 'Frame5': 6, 'Frame6': 20}"
gi|2765619|emb|Z78494.1|PNZ78494,"{'A': 162, 'T': 182, 'C': 163, 'G': 181}",50.00%,"{'ATG': [101, 193, 207, 221, 406, 442, 490, 501, 534, 559, 623, 635], 'TATA': [171], 'GAATTC': []}",CTTAAACTCAGCGGGTTGCCTCACCTGACCTGGGATCGCAACCAAATGGCCATTCAACTGATCATGGGTCGATGGGCCTCCAATGGGGTTCAAAAGGGTCTTCTGATTAAACACAACAACCCGGGGCATTCGCACAACAGTTTTGTTGTAGCATAGTTCGTCCACCTCTTGCCGTATTTAGGACCATCAAAAGCCCATGCAGCTCTTAGACCCCCCGTACCGAAGAACAAGGGGCCAAACTCACATCCGCACCGGCTGAACAGTACGTATGGACAGCCTCATTAAGGGAGAGATATGACTCGCAATGCCCAGACAGGCGTTCCCTTGGCCTGTTGGCCTCGGGCCCAACTTGCGTTCAAAGACTCGATGTTAACGGGATTCTGCAATTCACACCTGAGATATCCGAAGTTGAGAGTGTTACCTCAATAATGGGGAGTTGGTCAAGGCAGTATGCCGTCCCCCTTCATTAATTATGGGTCATTTGATTTGGCGCATTACTGCGCCGGGCAAGGGTATAGATCGCCAGCAGGAAAGTTCCCAAGGAGGCCCGATGGTAAATCTAGGTCACTGCAACAGTAAATGTCCATGGGTGACCAAAGTAAACTGATCCTCCAGATTAACTCGATCAATTATTATGCGACCTCAACAATGATCCTTCCGCAGGTTCACCTACGGAAACCTTGTTACG,"{'Frame1': 20, 'Frame2': 5, 'Frame3': 0, 'Frame4': 51, 'Frame5': 8, 'Frame6': 0}"
gi|2765618|emb|Z78493.1|PGZ78493,"{'A': 164, 'T': 187, 'C': 174, 'G': 194}",51.18%,"{'ATG': [101, 299, 307, 334, 449, 485, 533, 544, 577, 602, 666, 678], 'TATA': [171], 'GAATTC': []}",GGGTTGCCTCACCTGACCTGGGATCGCAACCAAATGGCCATTCAACTGATCATGGGTCGATGGGCCTCCAATGGGGTTCAAAAGGGTCTTCTGATTAAACACAACAACCCGGGGCATTCGCACAACAGTTTTGTTGTAGCATAGTTCGTCCACCTCTTGCCGTATTTAGGACCATCAAAAGCCCATGCAGCTCTTAGACCCCCCGTACCGAAGAACAAGGGGCCAAACTCACATCCACACCGGATGACCAGTACGTTTGGACAGCCTCATTAAGGGAGAGATATGAGTCGCAATGTCCAGGCAGGCGTCCCCTTGGGCTGATGGCCTCGCGCGCAACTTGCGTTCAAAGATTCGATGGTTCACGGGATTCTGCAAGGCACACCATTTATCGAATCTCGCTGCGTTCCTTCATCGATGCATGAGCCGAGATATCCGTTGCTGAGAGTTGTTACCTAAATACTTGGGGGCTGGTCAAGGAAGAATGCCGCCCCCCTTCACCACTTATGTAAAATTTGACTTGGCGCAAAACTGCGCCGGGCAAGGGTATAGATCGCCAGCAGGAAAGCTCCCAGGGAGGCCCGATGGAAATTCTAGGTCACTGCAACAGAAAATGCCCATGGGTGACCAAAGTAAACCGATCCTCCAGATTAACTCGATCAATTATTATGCGATCTCAACAATGATCCTTCCGCAGGTTCACCTACGGAATCCTTGTTACG,"{'Frame1': 20, 'Frame2': 5, 'Frame3': 0, 'Frame4': 47, 'Frame5': 4, 'Frame6': 31}"
gi|2765617|emb|Z78492.1|PBZ78492,"{'A': 167, 'T': 200, 'C': 177, 'G': 199}",50.61%,"{'ATG': [208, 308, 325, 448, 484, 543, 576, 601, 623, 678], 'TATA': [172], 'GAATTC': []}",TATTAAACTCAGCGGTGTGCCTCACCTGACTGGGATCGCAACCAAATGGCCAATCAACTGATCATGGGTTGATGGGCCTCCAATGGGGTCCAAAAGGGTCTTCTGATTAAGCTGGCCCATGTAACACAACAACCCGGGGCATTCGCACAACAGTTTTGTTGTAGCATAATTCGTCCACCTCTTGCCGTATTTAGGACCATCAAAAGCCCGTGCAGCTCTTAGACCCCCCGTCCCAAAGAACAAGGGGCCAAACTCACATCCGCACCGGCTGAACAGTATGTATGGACAGCCTCATTAAGGGAGAGATTTGACTCGCAATGCCCAGGCAGGCGTGCCCTTGGCCTGATGGCCTCGGGCGCAACTTGCGTTCAAAGACTCGATGGTCCACGGGATTCTGCAAATCACACCAGTATCGCATTTCGCTGGGTTCTACATCGATGCAAGAGCCGAGATATCCGTTGCTGAGAGTTGTTAAAAAAATAATTTGGAGTGGGTCAAGGCAGTACGCTCCCCCCCTTCACCAATTATGTGACATATGACTTGGCGCAAAACTGCGCCGGGCAAGGGTATAGATCGCCAGCAAGAAAGCTCCCAAGGAGGCTCGATGGCAAATTCTAGGTCACTGCAACAGCAAATGCCCGTGGGTGACCAAAGTAAACTGATCCTCCAGATTAACTCGATCAATTATTATGCGATCTCAACAATGATCCTTCCGCAGGTTCACCTACGGAAACCTTGTTACG,"{'Frame1': 20, 'Frame2': 5, 'Frame3': 0, 'Frame4': 1, 'Frame5': 19, 'Frame6': 8}"
gi|2765616|emb|Z78491.1|PCZ78491,"{'A': 172, 'T': 194, 'C': 175, 'G': 196}",50.34%,"{'ATG': [207, 307, 323, 332, 447, 483, 531, 542, 575, 588, 599, 621, 675, 687], 'TATA': [171, 260], 'GAATTC': []}",GCTTATCTCAGCGGGTTGCTCACCTGACTGGGATCGCAACAAATGGCCATTCAACTGATCATGGGTTGATGGGCCTCTAATGGGGTCCAAAGGGTCTTCTGATTATGCTGGTCCATGTAACACAACAACCCGGGGCATTCGCACAACATTTTGTTGTAGCATAGTTCGTCCACCTCTTGCCGTATTTAGGACCATCAAAAGCCCATGCAGCTCTTAGACCCCCCGTACCAAAGAACAAGGGGCCAAACTCACATCCGCACCGGCTGAACAGTATGTATGGACAGCCTCATTAAGGGAGAGATATGACTCGCAATGCCCAGGCAGGCGTGCCCTTGGCCTGATGGCCTCGGGCGCAACTTGCGTTCAAAGACTCGATGGTTCACGGGATTCTGCAATTCACACCATTTATCGCATTTCGCTGGTTCTTCATCGATGCAAGAGCCGAGATATCCGTTGCTGAGAGTTGTTAAAAATATAATTTGGAGCGGGTCAAGGCAGCACGCCTCCCCCCAACACCAATTATGTGTCATATGACTTGGCGCAAAACTGCGCCGGGCAAGGGTATAGATCGCCAGCAAGAAAGCTCCTAAGGAGGCCCGATGGCAAATCTAGGTCACTGCAACAGCAAATGCCCGTGGGTGACCAAAGTAAACTGATCCTCCAGATTAACTCGATCAATTATTATGCGATCTCAACAATGATCCTTCCGCAGGTTCACCTACGGAAACCTTGTTACG,"{'Frame1': 20, 'Frame2': 5, 'Frame3': 0, 'Frame4': 8, 'Frame5': 18, 'Frame6': 25}"
gi|2765615|emb|Z78490.1|PFZ78490,"{'A': 165, 'T': 189, 'C': 177, 'G': 197}",51.37%,"{'ATG': [101, 207, 235, 305, 322, 331, 446, 482, 530, 541, 596, 618, 673], 'TATA': [], 'GAATTC': []}",TCAGCTGGTTGCTCACCTGACTGGGGTCGCAACCAAATGGCCGTCAACTGATCATGGGTTGACGGGCCTCCAATGGGGTTCAAAAGGGTCTTCAAATTATGCTGGCCCATCTAATACGACAACGCGGGGCATTCGCACAACACTTGTTGCAGAACAGTCGTCCACCTCTTGCCGTATTTAGGACCATCAAAAGCCCATGCAGCGTTTAGACCCCCCGTACCAAAGAACAAGGGGCCAAACTCACATCCGCACCGGCTGAACAGTATGTTTGGACAGCCTCATTAAGGGAGAGATATGACTCGCAATGCCCAGGCAGGCGTGCCCTTGGCCTGATGGCCTCGGGCGCAACTTGCGTTCAAAGACTCGATGGTTCACGGGATTCTGCAATTCACACCATTTATCGCATTTCGCTGCGTTCTTCATCGATGCAAGAGCCGAGATATCCGTTGCTGAGAGTTGTTAAAAAATAATTTGGGGAGGGTCGAGGCAGCATGCCGCCCCCTTCACCAATTATGTGCCATATGACTTGGCGCAAAACTGCGCCGGACTAGGGTTCAGATCGCCAGCAAGAAAGCTCCCAAGGAGGCTCGATGGCAAATCTCGGTCACTGCAACAGCAAATGCCCATGGGTGACCAAAGTAAACTGATCCTCCAGATTAACTCGATCAATTATTATGTGATCTCAACAATGATCCTTCCGCAGGTTCACCTACGGAAACCTTGTTACG,"{'Frame1': 20, 'Frame2': 5, 'Frame3': 0, 'Frame4': 16, 'Frame5': 59, 'Frame6': 5}"
gi|2765614|emb|Z78489.1|PDZ78489,"{'A': 173, 'T': 188, 'C': 177, 'G': 202}",51.22%,"{'ATG': [207, 235, 305, 322, 331, 446, 482, 530, 541, 574, 599, 621, 657, 675, 686], 'TATA': [], 'GAATTC': []}",GCCTAAACTCAGCGGGTTGCCTCACCTGACCTGGGGTCGCAACCAAATGGCCATCAACTGATCATGGGTTGATGGGCCTCCATGGGGTTCAAAAGGGTCTTCAGATATGCTGGGCCCATCTAATACGACAACTCGGGGCATTCGCACAACAGTTTTGTTGTAGCATAGTTCGTCCACCTCTTGCCGTATTTAGGACCATCAAAATCCCATGCAGCTCTTAGACCCCCCGTACCAATGAACAAGGGGCCAAACCCACATCCCCACCGGCTGAACAGTATGTATGGACAGCCTCATTAAGGGAGAGATATGACTCGCAATGCCCAGGCAGGCGTGCCCTTGGCCTGATGGCCTCGGGCGCAACTTGCGTTCAAAGACTCGATGGTTCACGGGATTCTGCAATTCACACCATTTATCGCATTTCGCTGCGTTCTTCATCGATGCAAGAGCCGAGATATCCGTTGCTGAGAGTTGTTAAAAAATAATCTGGGGAGGGTCAAGGCAGCATGCCGCCCCCTTCACCAATTATGTGTCATATGACTTGGCGCAAAACTGCGCCGGGCTCGGGTTTAGATCGCCAGCAAGAAAGCTCCCAAGGAGGCTCGATGGCAAATCTCGGTCACTGCAATAGCAAATGCCCTCGGGTGACCAAAGTAAACTGATCCTCCAGATTAACTCGATCAATTATTATGTGATCTCAACAATGATCCTTCCGCAGGTTCACCTACGGAAACCTTGTTACG,"{'Frame1': 20, 'Frame2': 5, 'Frame3': 0, 'Frame4': 1, 'Frame5': 19, 'Frame6': 8}"
gi|2765613|emb|Z78488.1|PTZ78488,"{'A': 164, 'T': 174, 'C': 174, 'G': 184}",51.44%,"{'ATG': [88, 222, 273, 290, 299, 414, 450, 498, 509, 589, 644, 655], 'TATA': [], 'GAATTC': []}",AGCCGGTTGCTCACCTGACTGGGGTCGCAACAAATGTCCATCAACTGATCATGGGTTGATGGGCCTCCGATGGGGTTCAAAAGGGTCTTCAGATTATGATGGCCCATCTAATACGACAACCCGGGGGATCCGCACAACAGTTTGGTTGTGGCGTTGTTCGTCCACCTCTTGCCGTTTTTAGGACCATCAAAAGCCCATGCAGCTCTTAGACCCCCCGTACCAATGAACAAGGGGGCAAACTCACATCCGCACCGGTTGAACAGTATGTATGGACAGCCTCATTAAGGGAGAGATTTGACTCGCAATGCCCAGGCAGGCGTGCCCTTGGCCTGATGGCCTCGGGCGCAACTTGGGTTCAAAGACTCGATGGTTCACGGGATTCTGCAATTCACACCATTTATCGCATTTCGCTGCGTTCTCCATCCCGTTGATGAGAGTTGTTAGAAAATAATTAGGGGAGGGTCAAGGCACCATGCCGCCCCCTTCACCAATTATGTGTCGTATGACTTGGCGCAAAACTGCGCCGGGCTAGGGTTAAGATCGCCAGCAAGAAAGCTCCCAAGGAGGCTCGATGGCAAATCTCGGTCACTGCAATAACAAATGCCCATGGGTGACCAAAGTAAACTGATCCTCCAGATTAACTCGATCAATTATTGCGTGATCTCAACAATGATCCTTCCGCAGGTTCACCTACAG,"{'Frame1': 1, 'Frame2': 2, 'Frame3': 15, 'Frame4': 5, 'Frame5': 59, 'Frame6': 18}"
gi|2765612|emb|Z78487.1|PHZ78487,"{'A': 173, 'T': 185, 'C': 180, 'G': 194}",51.09%,"{'ATG': [101, 207, 235, 305, 322, 331, 446, 482, 530, 541, 551, 574, 599, 621, 676], 'TATA': [], 'GAATTC': []}",TTACTCAGCGGTTGCTCACCTGACTGGGGTCGCAACAAGTGGCCCCAACTGATCATGGGTTGATGGGCCTCTAATGGGGTTCAAAAGGGTCTTTAGATTACGCTGGCCCATCTAATACGACAACCCGGGGCATTCGCACAACAGTTTTGTTGTAGCATAGTTCGTCCACCTCTTGCCGCATTTAGGACCATCGATAGCCCATGCTGCTCTTAGACCCCCCGTACCGAAGAACAAGGGGCCGAACTCACATCCGCACCGGCTGAACAATATGTATGGACAGCCTCATTAAGGGAGAGATATGACTCGCAATGCCCAGGCAGGCGTGCCCTTGGCCTGATGGCCTCGGGCGCAACTTGCGTTCAAAGACTCGATGGTTCACGGGATTCTGCAATTCACACCATTTATCGCATTTCGCTGCGTTCTTCATCGATGCAAGAGCCGAGATATCCGTTGCTGAGAGTTGTTAAAAAATAATTTGGGGAGGGTAAAGGCAGCATGCCGCCCCCTTCACCAATTATGTGTCATATGACTTGGCGCAAAACTGCGCCGGGCTAGGGTTTAGATCGCCAGCAAGAAAGCTCCCAAGGAGGCTCGATGGCAAATCCCGGTCACTGCAATAGCAAATGCCCATGGGTGACCAAAGTAAACTGATCCTCCAGAGTAACTCGATCAATTATTATGTGATCTCAACAATGATCCTTCCGCAGGTTCACCTACGGAAACCTTGTTACG,"{'Frame1': 20, 'Frame2': 5, 'Frame3': 0, 'Frame4': 20, 'Frame5': 16, 'Frame6': 6}"
gi|2765611|emb|Z78486.1|PBZ78486,"{'A': 171, 'T': 187, 'C': 178, 'G': 195}",51.03%,"{'ATG': [101, 207, 235, 303, 320, 329, 444, 480, 539, 572, 597, 619, 674, 685], 'TATA': [], 'GAATTC': []}",TCAGCGGGTTGCCTCACCTGACCTGGGGTCGCTACCAAATGGCCATCAACTGATCATGGGTTGATGGGCCTCCAATGGGGTTCAAAAGGGTCTTTAGATTATGCTGGCCCATCTAATACGACAACCCGGGGCATTCGCACAACAGTTTTGTTGTAGCATAGTTCGTCCACCTCTTGCCGTATTTAGGACCATCAAAAGCCCACGCAGCTCTTAGACCCCCCGTACCAATGAACAAGGGGCCAAACTCACATCCGCACCGGCTGAACAGTATGTATGGACAGCCTCATTAAGGGAGAGATATGACTCGCAATGCCCAGGCAGGCGTGCCCTTGGCCTGATGGCCTCGGGCGCAACTTGCGTTCAAAGACTCGATGGTTCACGGGATTCTGCAATTCACACCATTTATCGCATTTCGCTGCGTTCTTCATCGATGCAAGAGCGAGATATCCGTTGCTGAGAGTTGTTAAGAAATAATTTGGGGAGGGTCAGGCACCATGCCGCACCCTTCACCAATTATGTGTCATATGACTTGGCGCAAAACTGCGCCGGGCTAGGGTTTAGATCGCCAGCAAGAAAGCTCCCAAGGAGGCTCGATGGCAAATCTCGGGCACTGCAATAGCAAATGTCCATGGGTGACCAAAGTAAACTGATCCTCCAGATAATCTCGATCAATTATTATGTGATCTCAACAATGATCCTCCCGCAGATTCACCTACGGAAACCTCGTGACG,"{'Frame1': 20, 'Frame2': 5, 'Frame3': 6, 'Frame4': 6, 'Frame5': 20, 'Frame6': 16}"
gi|2765610|emb|Z78485.1|PHZ78485,"{'A': 173, 'T': 189, 'C': 178, 'G': 195}",50.75%,"{'ATG': [31, 100, 206, 234, 304, 321, 330, 445, 481, 540, 573, 598, 675, 686, 692], 'TATA': [], 'GAATTC': []}",TACTAAATCAGGGGTTGCTCAGCTGACTGGGGTCGCAACACATGGCCATCAACTGATCATGGGTTGATGGGCCTCCAATGGGGTTCAAAGGGGTCTTTAGATTGTGCTGGCCCGTCTAATACGACAACCCGGGGCATTCGCACAACAGTTTTGTTGTAGCATAGTTCGTCCACCTCTTGGCGTATTTAGGACCATCAAAAGCCCACGCAGCTCTTAGACCCCCCGTACCAATGAACAAGGGCCCAAACTCACATCCGCACCGGCTGCACAGTATGTATGGACAGCCTCATTAAGGGAGAGATATGACTCGCAATGCCCAGGCAGGCGTGCCCTTGGCCTGATGGCCTCGGGCGCAACTTGCGTTCAAAGACTCGATGTTCACGGGGATTCTGCAATTCACACCATTTATCGCATTTCGCTGCGTTCTTCATCGATGCAAGAGCCGAGATATCCGTTGCTGAGAGTTGTTAAGAAATAATTTGGGGAGGGTCAAGGCACCATGCCGCACCCTTCACCAATTATGTGTCATATGACTTGGCGCAAAACTGCCCCGGGCTAGGGTTTAGATCGCCAGCAAGAAAGCTCCCAAGGAGGCTCGATGGCAAATCTCGGTCACTGCAATAGCAAATGCCCATGGTGACCAAAGTAAACTGATCCTCCAGATTAACTCGATCAATTATTATGATATCTCAACAATGATCCATCCGCAGATTCACCTTCGGACACCAGGTTCAG,"{'Frame1': 20, 'Frame2': 0, 'Frame3': 6, 'Frame4': 1, 'Frame5': 21, 'Frame6': 7}"
gi|2765609|emb|Z78484.1|PCZ78484,"{'A': 171, 'T': 183, 'C': 174, 'G': 192}",50.83%,"{'ATG': [101, 149, 209, 235, 286, 303, 312, 427, 463, 522, 555, 580, 602, 657, 668], 'TATA': [], 'GAATTC': []}",AAAACTCAGGGAGTTGCTTCACCTGACTTGGGGTCGCAACCCAATGGACCATCAACTGATCATGGGTTGATGGGCCTCCAATGGGGTGTCAAAGGGTCTTTAGATTATGCTGGCCCATCTAATACGACAACCCGGGGCATTCGCACAACAGTTTTGTTGTAGCATAGTTCGTCCACCTCTTGCCGTATTTAGGACCATCAAAAGCCCACGCAGCTCTTAGACCCCCCGTACCAATGAACAAGGGGCCAAACTCACATCCGCACCGGCTGAACAGTATGTATGGACAGCCTCATTAAGGGAGAGATATGACTCGCAATGCCCAGGCAGGCGTGCCCTTGGCCTGATGGCCTCGGGCGCAACTTGCGTTCCAAGACTCGATGGTTCACGGGATTCTGCAATTCACACCATTTATCGCATTTCGCTGCGTTCTTCATCGATGCAAGAGCGAGATATCCGTTGCTGAGAGTTGGGAGGGTAGGAAACATGCCGCCCCTTCACAATTATGTGTCATATGACTTGGGCCAAAACTGCGCCGGGCTAGGGTTTAGATCGCCAGCAAGAAAGCTCCCATGGAGGCTCGATGGTAAACTCTCGGTCACTGCAATAGCCAAATGCCCATGGGTGACCAAAGTAAACTGATCCTCCAGATTAACTCGATCAATTATTATGTGATCTCAACAATGATCCTTCCCCAGGTTCACCTACGGAAACCTTGTTACG,"{'Frame1': 20, 'Frame2': 5, 'Frame3': 0, 'Frame4': 53, 'Frame5': 22, 'Frame6': 7}"
gi|2765608|emb|Z78483.1|PVZ78483,"{'A': 180, 'T': 191, 'C': 179, 'G': 190}",49.86%,"{'ATG': [101, 207, 235, 302, 306, 330, 445, 482, 530, 574, 599, 621, 676, 687], 'TATA': [], 'GAATTC': []}",TGCTAAACTCAGGGGTTGCTTCACTTGACCTGGGGTCGCAACCAAATGGCCATCAACTGATCATGGGTTGATGGGCCTCCAATGGGGTTCAAAAGGGTCTTTAGATTATGCTGGCCCATCTAATACGACAACCCGGGGCATTCGCACAACAGTTTTGTTGTAGCATAGTTCGTCCACCTCTTGCCGTATTTAGGACCAACAAAAGCCCATGCAGCTCTTAGACCCCCCGTACCAATGAACAAGGGGCCAAACTCACATCCGCACCGGCTGAACAGATATGTGTGGACAGCCTCATTAAGGGAGAGATATGACTCGCAATGCCCAGGCAGGCGTGCCCTTGGCCTGATGGCCTCGGGCGCAACTTGCGTTCAAAGACTCGATTGTTCACGGGATTCTGCAATTCACACCATTTATGATTTCGGTTTGGTCTTCATCCATGCAAGAGGCCAGATTTCCGTTGCTGAGAGTTGTTAAAAAATAATTTGGGGGAGGGTCAAGGCAGCATGCCGCCCCCTTCACCAATTATGTGTCATATGACTTGGCGCAAAACTGCGCCGGGCTAGGGTTTAGATCGCCAGCAAGAAAGCTCCCAAGGAGGCTCGATGGCAAATCTCGGTCACTGCAATAGCAAATGCCCATGGGTGACCAAAGTAAACTGATCCTCCAGATTAACTCGATCAATTATTATGTGATCTCAACAATGATCCTTCCGCAGGTTCACCTACGGAAACCTTGTTACG,"{'Frame1': 20, 'Frame2': 5, 'Frame3': 0, 'Frame4': 1, 'Frame5': 8, 'Frame6': 22}"
gi|2765607|emb|Z78482.1|PEZ78482,"{'A': 143, 'T': 156, 'C': 161, 'G': 167}",52.31%,"{'ATG': [95, 123, 192, 209, 218, 334, 370, 429, 462, 487, 509, 564, 575], 'TATA': [], 'GAATTC': []}",TGCTAAACTCAGCGGGTTGCCTCACCTGACCTGGGGTCGCAACCAAATGGCCATCAACTGATCATGGGTTGATGGGCCTCCAATGGGGTTCAAAAGGGTCTTTAGATTATGCTGGCCCATCTAATACGACAACCCGGGGCATTCGCACAACAGTTTTGTTGTAGCATAGTTCGTCCACCTCTTGCCGTATTTAGGACCATCAAAAGCCCACGCAGCTCTTAGACCCCCCGTACCAATGAACAAGGGGCCAAACGCACATCCGCACCGGCTGAACAGTATGTATGGACAGCCTCATTAAGGGAGAGATATGACTCGCAATGCCCAGGCAGGCGTGCCCTTGGCCTGATGGCCTCGGGCGCAACTTGCGTTCAAAGACTCGATGGNTTCACGGGATTCTGCAATTCACACCATTTATCGCATTTCGCTGCGTTCTTCATCGATGAAGAGGCGAGATATCCGTTGCNGAGAGTTGTTAAAAAATAATTTGGGGAGGGTCAAGGCAGCATGCCGCCCCCTTCACCAATTATGTGTCATATGACTTGGCGCAAAACTGCGCCGGGCTACGGTTTAGATCGCCAGCAAGAAAGCTCCCAGGAGGCTCGATGGCAAATCTCGGTCACTGCAGTAGA,"{'Frame1': 22, 'Frame2': 3, 'Frame3': 19, 'Frame4': 1, 'Frame5': 19, 'Frame6': 8}"
gi|2765606|emb|Z78481.1|PIZ78481,"{'A': 132, 'T': 153, 'C': 137, 'G': 150}",50.17%,"{'ATG': [101, 207, 235, 330, 366, 458, 483, 505, 560], 'TATA': [], 'GAATTC': []}",TCAACTGATCATGGGTTGATGGGCCTCCAATGGGGTTCAAAAGGGTCTTTAGATTATGCTGGCCCATCTAATACGACAACCCGGGGCATTCGCACAACAGTTTTGTTGTAGCATAGTTCGTCCACCTCTTGCCGTATTTAGGACCAACAAAAGCCCACGCAGCTCTTAGACCCCCCGTACCAATGAACAAGGGGCCAAACTCACATCCGCACCGGCTGAACAGTATGTGTGGACAGCCTCATTAAGGGAGAGATATGACTCGCAATGCCCAGGCAGGCGTGCCCTTCCGTTGCTGAGAGTTGTTAAAAAAATGATTTGGGGAGGGTCAAGGCACCATGCCGCCCCCTTCGCCAATTATGTGTCATATGACTTGGCGCAAAACTGCGCCGGGCTAGGGTTTAGATCGCCAGCAAGAAAGCTCCCAAGGAGGCTCGATGGCAAATCTCGGTCACTGCAATAGCAAATGCCCATGGGTGACCAAAGTAAACTGATCCTCCAGATTAACTCGATCAATTATTATGTGATCTCAACAATGATCCTTCCGCAGGTTCACCTACGGAAACCTTGTTACG,"{'Frame1': 20, 'Frame2': 5, 'Frame3': 0, 'Frame4': 36, 'Frame5': 5, 'Frame6': 1}"
gi|2765605|emb|Z78480.1|PGZ78480,"{'A': 138, 'T': 155, 'C': 141, 'G': 153}",50.09%,"{'ATG': [101, 207, 235, 345, 381, 474, 488, 499, 520, 575], 'TATA': [515], 'GAATTC': []}",TCAACTGATCATGGGTTGATGGGCCTCCAATGGGGTTCAAAAGGGTCTTTAGATTATGCTGGCCCATCTATACGACAACCCGGGGCATTCGCACAACATTTTTGTTGTAGCATAGTTCGTCCACCTCTTGCCGTATTTAGGTACCAACAAAAGCCCACGCAGCTCTTAGACCCCCCGTACCAATGAACAAGGGGCCAAACTCACATCCGCACCGGCTGAACAGTATGTGTGGACAGCCTCATTGAAGGGAGAGATATGACTCGCAATGCCCAGGCAGGCGTGCCCTTAGCCTGATGGCCTATCCGTTGCTGAGAGTTGTTAAAAAATAATTTGGGGAGGGTCAAGGCAGCATGCCGCCCCCTTCGCCAATTATGTGTCATATGACTTGGCGCAAAACTGCGCCGGGCTAGGGTTTAGATCGCCAGCAAGAAAGCTCCCAAGGAGGCTCGATGGCAAATCTCGGTCACTGCAATAGCAAATGCCCATGGGTGACCAAAGTAAACTGATCCTCCAGATTAACTCGATCAATTATTATGTGATCTCAACAATGATCCTTCCGCAGGTTCACCTACGGAAACCTTGTTACG,"{'Frame1': 20, 'Frame2': 5, 'Frame3': 0, 'Frame4': 61, 'Frame5': 5, 'Frame6': 1}"
gi|2765604|emb|Z78479.1|PPZ78479,"{'A': 171, 'T': 173, 'C': 168, 'G': 188}",50.86%,"{'ATG': [101, 184, 209, 281, 298, 307, 421, 447, 495, 506, 539, 564, 586, 664], 'TATA': [181], 'GAATTC': []}",ACTCAGAGGGTTGCCTCACCTGACCTGGGGTCGCATCCAAATGGCCGTCAACTGATCTTGGGTTGATGGGCCTCCAATGGGGTTCAAAAGGGTCTTTAGATTATGCTGGCCCATCTAATACGACAACCCGGGGCATTCGCACAACAGTTCTGTTGTCGCATAGTTCGTCCACCTCTTGCCGTATTTAGGACCATCAAAAGCCCATGCAGCTCTTAGACCCCCCGTACCAAAGAACAAGGGGCCAAACTCACATCCGCACCGGCTGAACGACAGCCTCATTAAGGGAGAGATATGTCTCGCAATGCCCAGGCAGGCGTGCCCTTGGCCTGATGGCCTCGGGCGCAACTTGCGTTCAAGACTCGATGGTTCACGGGATCTCTGTATTCACACCATTTATCGCATTTCGCTGCGTTCTTCATCGATGCAAGAGGCGAGATATCCGTTGCTGAGAGTTGTTAAAAAATAATTTGGGGGGCAAGGCAAGGCAGCATCCCTCCCCTTCCAGTAATGTCTCATATAAATTGGCGCAAATCTGCGCCGGGCAAGGGTTTAGTTCGGCTCGATGGCAAATCTAGGTCACTGAAACAGCAAATGCCCATGGGTGACCAAAGTAACCTGATCCTCCTGATTAACTCGATCAATTATTATGTGATCTCAACAATGATCCTTCCGCAGGTTCACCTACGGAAACCTTGTTACG,"{'Frame1': 20, 'Frame2': 5, 'Frame3': 0, 'Frame4': 21, 'Frame5': 17, 'Frame6': 6}"
gi|2765603|emb|Z78478.1|PVZ78478,"{'A': 147, 'T': 164, 'C': 147, 'G': 178}",51.10%,"{'ATG': [101, 185, 210, 218, 240, 281, 350, 385, 432, 441, 474, 499, 519, 612], 'TATA': [], 'GAATTC': []}",GCCTAAACTCAGCGGGTGCCTCATCTGACCTGGGTCGCAACCAAATGTCCTCAACTGATAATGGGTTGATGGGCCTCCAATGGGGGTCAAAAGGGTCTTTAGATTATGCTGACCCATCTAAACGACAACCGGGGCATTCGCACAACAGTTCTGTTGTCACATAGCTCGTCCACCTCTTGCCGTATTTAGGACCATCCAACCCATACAGCTCTTAGACCCCCGTACCAAAGGACAAGGGGCCAAACTCACATCCGCACCGGCTGAACAGTATGTATGGCAGCCTCATTAAGGGAGAGATATGTCTCACAATTTCCAGGCAGGCGTCCCCTTGACCTGATGGCCTCGGACGCAACATGCGTTCAAAACTCGATGTTCAGGGATCTGCTATCACGCCATTATCAATATTTGGGGGAGCCATGGCAGCATGCCGCCCCTTCCAGTTATGTGTCATATGACTTGGCGCAAAACTGCGCCGGGCAAGGGTTTAGATCGGCTCGATGGCAAACTCTAGGCCACTGCAACAGCAAATGCCCATGGGTGACCAAAGTAAACTGATCCCCCAGATTAACTCGATCAATTATTATGTGATCTCAACACTGATCCTTCCGGAGGTTCACCTACGGAAACCTTGTTACG,"{'Frame1': 20, 'Frame2': 5, 'Frame3': 0, 'Frame4': 1, 'Frame5': 8, 'Frame6': 53}"
gi|2765602|emb|Z78477.1|PVZ78477,"{'A': 168, 'T': 179, 'C': 173, 'G': 196}",51.54%,"{'ATG': [52, 101, 184, 209, 279, 297, 306, 422, 458, 506, 517, 550, 575, 597, 652, 712], 'TATA': [], 'GAATTC': []}",GCATAAACTCAGCGGTTGCCTCACCTGACCTGGGGTCGCAACCAAATGGCCGTCAACTGATCATGGGTTGATGGGCCTCCAATGGGGTTCAAAAGGGTCTTTAGATTATGCTGGCCCATCTAATACGACAACCCGGGGCATTCGCACAACAGTTCTGTTGTCGCATAGTTCGTCCACCTCTTGCCGTATTTAGGACCATCAAAAGCCCATGCAGCTCTTAGACCCCCCGTACCAAAGAACAAGGGGCCAAACTCACATCCGCACCGGCTGAACAGTATGTGTGGACAGCCTCATTAAGGGAGAGATATGTCTCGCAATGCCCAGGCAGGCGTGCCCTTGGCCTGATGGCCTCGGCCGCAACTTGCGTTCCAAAGACTCGATGGTTCAGGGATTCTTGCAATTCACACCATTTATCGCATTTCGCTGCGTCCTTCCATCCGATGCAAGAGCCGAGATACTCGTTGCTGAGAGTTGGTTAACAAATATTTGGGGAGGGCAAGGCAGCATGCCGCCCCTTCCAATTATGTGTCATATGACTTGGCGCAAAACTGCGCCGGGCAAGGGTTTAGATCGGCTCGATGGCAAATCTAGGTCACTGCAACAGCAAATGCCCATGGGTGACCAAAGCAAACTGATCCTCCAGATTAACTCGATCAATTATCATGTGATCTCAACAATGATCCTTCCGCAGGTTCACCTACGGAAACCTTGTTACG,"{'Frame1': 20, 'Frame2': 5, 'Frame3': 0, 'Frame4': 1, 'Frame5': 8, 'Frame6': 22}"
gi|2765601|emb|Z78476.1|PGZ78476,"{'A': 136, 'T': 157, 'C': 147, 'G': 152}",50.51%,"{'ATG': [52, 101, 184, 208, 330, 366, 414, 458, 483, 505, 560], 'TATA': [], 'GAATTC': []}",GGGTCGCAACCAAATGGCCGTCAACTGATCATGGGTTGATGGGCCTCCAATGGGATTCAAAAGGGTCTTTAGATTATGCTGGCCCATCTAATACGACAACCCGGGGCATTCGCGCAACAGTTCTGTTGTCGCATAGTTCGTCCACCTCTTGCCGTATTTAGGTGGATCAAAAGCCCATGCAGCTCTTAGACCCCCCGTACCAAAGAACAAGGGGCCAAACTCACATCCGCACCGGCTGAACTGTATGTATGGACAGCCTCATTAAGGGAGAGATATGTCTCGCAATGCCCAGGCAGGCGTGCCCTTGGCCGGATGGCCTAAGAGCCGAGATATCCGTTGCTGAGAGTTGTTAAAAAAATAATTTGGGGAGGGCCAAGGCAGCATGCCGCCCTTCCAATTATGTGTCATATGACTTGGCGCAAAACTGCGCCGGGCAAGGGTTTAGATCGGCTCGATGGCAAATCTAGGTCACTACAACAGCAAATGCCCATGGGTGACCAAAGTAAACTGATCCTCCAGATTAACTCGATCAATTATCATGTGATCTCAACAATGATCCTTCCGCAGGTTCACCTACGGAAACCTTGTTACG,"{'Frame1': 20, 'Frame2': 5, 'Frame3': 0, 'Frame4': 12, 'Frame5': 8, 'Frame6': 52}"
gi|2765600|emb|Z78475.1|PSZ78475,"{'A': 140, 'T': 170, 'C': 150, 'G': 160}",50.00%,"{'ATG': [101, 206, 232, 445, 475, 481, 529, 540, 573, 598, 620, 675], 'TATA': [], 'GAATTC': []}",ACCTGACCTGGGTCGCAACCAAATGGCCGTCAACTGATCATGGGTTGATGGGCCTCCAATGGGGTTCAAAAGGGTCTTTAGATTATGCTGGCCCATCTAATACGACAACCCGGGGCATTCGCACAACAATTTTGTTGTAGCATAGTTCGTCCACCTCTTGCCGTATTTTGGACCATCAAAAGCCCATGCAGCTCTTAGACCCCCCGTACCAAAGAACAAGGGGCCAAACTCACATCCGCATTGGCTGAACAGTATGTATGGACAGCCTCATTAAGGGAGAGATATGACTCGCAATGCCCAGGCAGGCGTGCCCTTGGCCTGATNNNNNNNNNNNNNNNNNNNNNNNNNNNNNNNNNNNNNNNNNNNNNNNNNNNNNNNNNNNNNNNNNNNNNNNNNNNNNNNNNNNNNNNNNNNNNNNNAAGAGCCGAGATATCCGTTGCTGAGAGTTGTCAAAAAAATAATTTGGGGAGGGTCAAGGCAGCATGCCACCCCCTTCCAATTATGTGTCATATGACTTGGCGCAAAACTGCGCCGGGACGGGTTTAGATCGCCAGCAAGAAAGCTCCCAAGGAGGCTCGATGGCAAATCCAGGTCACTGCAAGAGCAGATGCCCATGGGTGACCAAAGTAAACTGATCCTCCAGATTAACTCGATCAATTATTATGTGATCTCAACAATGATCCTTCCGCAGGTTCACCTACGGAAACCTTGTTACG,"{'Frame1': 20, 'Frame2': 5, 'Frame3': 0, 'Frame4': 1, 'Frame5': 11, 'Frame6': 45}"
gi|2765599|emb|Z78474.1|PKZ78474,"{'A': 170, 'T': 191, 'C': 184, 'G': 188}",50.75%,"{'ATG': [101, 207, 302, 318, 327, 442, 478, 526, 537, 570, 595, 617, 672], 'TATA': [255], 'GAATTC': []}",AAGCTCAACGGGTTGCTTCACCTGACCTGGGGTCGCAACCAAATGGCCGTCAACTGATCATGGGTTGATGGGCCTCCAATGGGGTTCAGAAGGGTCTGTAGATTATGCTGGCCCATCTAATACGACAACCCGGGGCATTCGCACAACAATTTTGTTGTAGCATAGTTCGTCCACCTCTTGCCGTATTTTGGACCATCAAAAGCCCATGCAGCTCTTAGACCCCCCGTACCAAAGAACAAGGGGCCAAACTCACATCCGCACCGGCTGAACAGTATGTATGGACAGCCTCATTAAGGGAGAGATATGACTCGCAATGCCCAGGCAGGCGTGCCCTTGGCCTGATGGCCTCGGGCGCAACTTGCGTTCAAAGACTCGATGGTTCACGGGATTCTGCAATTCACACCATTTATCGCATTTCGCTGTGTCTTCATCGATGCAAGAGGCGAGATATCCGTTGCTGAGAGTTGTCAAAAATATAATTTGGGGAGGGTCAAGGCAGGATGCCGCCCTTCCAATTATGTGTCATATGATTGGGCGCAAAACTGCGCCGGGCAAGGGTTTAGATCGCCAGCAAGAAAGCTCCCAAGGAGGCTCGATGGCAAATCCAGGTCACTGAAAGAGCAGATGCCCATGGGTGACCAAAGTAAACTGATCCTCCAGATTAACTCGATCAATTATTACGTGATCTCAACAATGATCCTTCCGCAGGTTCACCTACGGAAACCTTGTTACG,"{'Frame1': 20, 'Frame2': 5, 'Frame3': 0, 'Frame4': 18, 'Frame5': 7, 'Frame6': 21}"
gi|2765598|emb|Z78473.1|PSZ78473,"{'A': 139, 'T': 168, 'C': 155, 'G': 164}",50.96%,"{'ATG': [101, 147, 207, 233, 360, 396, 444, 455, 489, 514, 536, 591], 'TATA': [], 'GAATTC': []}",CCTGGGTCGCAACCAAATGGCCGTCAACTGATCATGGGTTGATGGGCCTCCAATGGGGTTCAAAAGGGTCTTTAGATTATGCTGGCCCATCTAATACGACAACCCGGGGCATTCGCACAACAATTTTGTTGTAGCATAGTTCGTCCACCTCTTGCCGTATTTAGGTACCATCAAAAGCCCATGCAGCTCTTAGACCCCCCGTAGGCAAGAACAAGGGGCCAAACTCACATCCGCACCGACTGAACAGTATGTATGGACAGCCTCATTGAAGGGAGAGATATGACTCGCAATGCCCAGGCAGGCGTGCCCTTGGCCTGATGGCCTCGGGAAGAGCCGAGATATCCGTTGCTGAGAGTTGTTAACAAAATAATTTGGGGAGGGTCAAGGCAGCATGCCGCCCCCTTCCAATTATGTGTCATATGACTTGGCGCAAAACTGCGCCGGGCAAGGGTTTAGATCGCCACCAAGAAAGCTCCCATGGAGGCTCGATGGCAAATCCAGGTCACTACAAGAGCAGATGCCCATGGGTGACCAAAGTAAACTGATCCTCCAGATTAACCCGATCAATTATTATGTGATCTCAACAATGATCCTTCCGCAGGTTCACCTACGGAAACCTTGTTACG,"{'Frame1': 20, 'Frame2': 5, 'Frame3': 0, 'Frame4': 13, 'Frame5': 9, 'Frame6': 43}"
gi|2765597|emb|Z78472.1|PLZ78472,"{'A': 178, 'T': 195, 'C': 171, 'G': 193}",49.39%,"{'ATG': [101, 233, 303, 320, 329, 444, 480, 528, 539, 572, 597, 619, 673, 684], 'TATA': [455], 'GAATTC': []}",GCTTAAACTCAGCGGTTGCCTCACCTGACTTGGGGTCGCAACCAAATGGCCATCAACTGATCATGGGTTGATTGGCCTCTAAAGGGGTTCAAAGGGTCTTTAGATTATGCTGGCCCATCTAATACGACAACCCTGGGCATTCGAACTACAATTTTGTTGTAGCATACTTCGTCCACCTCTTGCCGTATTTAAGACCATCAAAAGCCCATGCAGCTCTTAGACCCCCCGTACCAAAGAACAAGGGGCCAAACTCACATCCGCTGTGGCTGAACAGTATGTATAGACAGCCTCATTAAAGGAGAGATATGACTCGCAATGCCCAGGCAGGCGTGCCCTTGGCCTGATGGCCTCGGGCGCAACTTGCGTTCAAAGACTCGATGGTTCACGGGATTCTGCAATTCACACCATTTATCGCATTTCGCTGCGTCCTCCATCGATGCAAGAGCCGAGATTCCGTTGCTGAGAGTTATCAAAAAATAATTTGGGGAGGGTCTTAGACTGCATGCCGCCCCCTTCCAATTATGTGTGAAATGACTTGGCGCAAGACTGCGCCGGGCAACGATTTAGATCGCCAGCAAGAAAGCTCCCAAGGAGGCTCGATGGCAAATCCAGGTCACTGCAAGAGCAGATGCCCATGGGTGACTAAAGTAAACTGATCCTCCAGATTAACTCGATCAATTATTATGTGATCTCAACAATGATCCTTCCGCAGGTTCACCTACGGAAACCTTGTTACG,"{'Frame1': 20, 'Frame2': 5, 'Frame3': 0, 'Frame4': 1, 'Frame5': 8, 'Frame6': 22}"
gi|2765596|emb|Z78471.1|PDZ78471,"{'A': 178, 'T': 192, 'C': 180, 'G': 190}",50.00%,"{'ATG': [101, 218, 233, 305, 322, 331, 446, 482, 530, 574, 599, 621, 686], 'TATA': [], 'GAATTC': []}",GCTTAAACTCAGCGGGTTGCCTCACCTGACTTGGGGTCGCAACCAAATGGCCATCAACTGATCAGGGTTGATGGGCCTCTAATGGGGTTCAAAAGGGTCTTTAAATTATGCTGGCCCATCTAATACGACAACCCGGGGCATTCGCACTACAATTTTGTTGTAGCATACTTTGTCCACCTCTTGCCGTATTTAGGACCAGCAAAAGCCCATGCAGCTTTTAGACCCCCCGTACTAAAGAACAAGGGGCCAAACTCACATCCGCACTGGCTGAACAGTATGTATGGACAGCCTCATTAAGGGAGAGATATGACTCGCAATGCCCAAGCAGGCGTGCCCTTGGCCTGATGGCCTCGGGCGCAACTTGCGTTCAAAGACTCGATGGTTCACGGGATTCTGCAATTCACACCATTTATCGCATTTCGCTGCGTTCTTCATCGATGCAAGAGCCGAGATATCCGATGTTGAGAGTTGTCAAAAAATTAATTTGGGGAAGGGTCAAGGCAGCATGCCGCCCCCTTCCATTATGTGTCGGGGTGACTTGACGCAAGGCTGCGTCGGGCAACGATTTAGATCGCCAGCAAGACAGCTCCCAAGGAGGCTCGATGGCAAATCCAGGTCACTGTAAGAGCAGATGCCCATGGGTGACCAAAGTAAACCGATCCTCTAGATTAACTCGATCAATTATTATGTGATCTCAACAATGATCCTTCCGCAGGTTCACCTACGGAAACCTTGTTACG,"{'Frame1': 20, 'Frame2': 5, 'Frame3': 0, 'Frame4': 1, 'Frame5': 19, 'Frame6': 8}"
gi|2765595|emb|Z78470.1|PPZ78470,"{'A': 134, 'T': 160, 'C': 136, 'G': 144}",48.78%,"{'ATG': [101, 207, 233, 335, 371, 419, 463, 488, 510], 'TATA': [], 'GAATTC': []}",AACTGATCAGGGTTGATGGGCCTCTAATGGGGTTCAAAAGGGTCTTTAAATTATGCTGGCCCATCTAATACGACAACCCGGGGCATTCGCACTACAATTTTGTTGTAGCATACTTTGTCCACCTCTTGCCGTATTTAGGACCAGCAAAAGCCCATGCAGCTTTTAGACCCCCCGTAGTAAAGAACAAGGGGCCAAACTCACATCCGCACTGGCTGAACAGTATGTATGGACAGCCTCATTAAGGGAGAGATATGACTCGCAATGCCCAAGCAGGCGTGCCCTTGGCCTGATGGCCTCGGGCGCAACTTAAAAAAATAATTTGGGAAGGGTCAAGGCAGCATGCCGCCCCCTTCCAATTATGTGTCATATGACTTGACGCAAGGCTGCGTCGGGCAACGATTTAGATCGCCAGCAAGAAAGCTCCCAAGGAGGCTCGATGGCAAATCCAGGTCACTGTAAGAGCAGATGCCCATGGGTGACCAAAGTAAACTGATCCTCTAGATTAACTCGATCAATTATTATGTGATCTCAACAATGATCCTTCCGCAGGTTCACCTACGGAAACCTTGTTACG,"{'Frame1': 20, 'Frame2': 5, 'Frame3': 0, 'Frame4': 1, 'Frame5': 4, 'Frame6': 21}"
gi|2765594|emb|Z78469.1|PHZ78469,"{'A': 141, 'T': 161, 'C': 143, 'G': 149}",49.16%,"{'ATG': [101, 234, 353, 389, 437, 448, 482, 495, 507, 529, 584], 'TATA': [], 'GAATTC': []}",AACTGATCATGGGTTGATGGGCCTCTAATGGGGTTCAAAAGGGTCTTTAGATTATGCTGGCCCATCTAATACGACAACCCTGGGCATTCGCACTATCATTTTGTTGTAGCATACTTCGTCCACCTCTTGCCGTATTTAGGTACCATCAAAAGCCCATGCAGCTCTTAGACCCCCCGTACCAAAGAACAAGGGGCCAAACTCACATCCGCTGTGGCTGAACAGTATGTATGGACAGCCTCATTAAGGGAGAGATATGACTCGCAATGCCCAGGCAGGCGTGCCCTTGGCCTGATGGAAGAGCCGAGATATCCGTTGCTGAGAGTTGTCAAAAAAATAATTTGGGGAGGGTCTAGACCGCATGCCGCCCCCTTCCAATTATGTGTGATATGACTTGGCGCAAGACTGCGCCGGGCAACGAATTTAGATCGCCAGCAAGAAAGCTCCCAAGGAGGCTCGATGGCAAATCCAGGTCACTGCAAGAGCAGATGCCCATGGGTGACTAAAGTAAACTGATCCTCCAGATTAACTCGATCAATTATTATGTGATCTCAACAATGATCCTTCCGCAGGTTCACCTACGGAAACCTTGTTACG,"{'Frame1': 20, 'Frame2': 5, 'Frame3': 0, 'Frame4': 1, 'Frame5': 8, 'Frame6': 4}"
gi|2765593|emb|Z78468.1|PAZ78468,"{'A': 137, 'T': 168, 'C': 145, 'G': 160}",50.00%,"{'ATG': [101, 162, 207, 232, 357, 393, 451, 484, 509, 530, 585], 'TATA': [525], 'GAATTC': []}",AACCAAATGGCCGTCAACTGATCATGGGTTGATGGGCCTCCAATGGGGTTCAAAAGGGTCTTTAGATTATGCTGGCCCATCTATACGACAACCCGGGGCATTCACACAATAATTTTGTTGTAGCATACTTCGTCCACCTCTTGCCGTATTTAGGTCCATCAAAAGCCCAGCTGCTCTTAGACCCCCCGTACCGAAGAACAAGGGGCCAAACTCACATCCGCACTGGCTGAACAGTATGTATGGACAGCCTCATTAAGGGAGAGATATGACTCGCAATGCCCAGGCAGGCGTGCCCTTAGCCTGATGGCCTCGGGCGCAACTTGAGTTCCGGAGCTGAGAGTCGTTAAAAAAATGATATGGGGAGGGTCAAGGCAGCATGCTGCCCCTCCCAATTATGTGTCATATGACTTGGCGCAAAACTGCGCCGGGCAAGGGTTCAGATCGCCATCAAGAAAGCTCCCAAGGAGGCTCGATGGCAAATCCAGGTCACTACAAGAGCAGATTCCCATGAGTGACCAAAGTAAACTGATCCTCCAGATTAACTCAATCAATTATTATGCGATCTCAACAATGATCCTTCCGCAGGTTCACCTACGGAAACCTTGTTACG,"{'Frame1': 20, 'Frame2': 5, 'Frame3': 0, 'Frame4': 6, 'Frame5': 36, 'Frame6': 9}"
gi|2765592|emb|Z78467.1|PSZ78467,"{'A': 170, 'T': 189, 'C': 178, 'G': 193}",50.82%,"{'ATG': [101, 207, 233, 303, 320, 329, 444, 480, 528, 572, 597, 674, 693], 'TATA': [], 'GAATTC': []}",TCAGCGGGTTGCCTCACCTGACCTGGGTCGCAAACATATGGCCGTCAACTGATCATGGGTTGATGGGCCTCCAATGGGGTTCAAGAGGGTCTTTAGATTATGCTGGCCCAGCTAATACGACAACCCGGGTCATTCGCACAACAATTTTGTTGTAGCATAGTTCGTCCACCTCTTGCCGTATTTTGGACCACCAAAGGCACATGCAGCTCTTAGACCCCCCGTACCAAAGAACAAGGGGCCAAACTCACATCCGCACCGGCTGAACAGTATGTATGGACAGCCTCATTAAGGGAGAGATATGACTCGCAATGCCCAGGCAGGCGTACCCTTGGCCTGATGGCCTCGGGCGCAACTTGCGTTCAAAGACTCGATGGTTCACGGGATTCTGCAATTCACACCATTTATCGCATTTCGCTGCGTTCTTCATCGATGCAAGAGCCGAGATATCCGTTGCTGAGAGTTGTCAAAAAATAATTTGGGGAGGGTCAAGGCAGCATGCCACCCCCTTCCAATTATGTGTCATATGACTTGGCGCAAAACTGCGCCGGGCAAGGGTTTAGATCGCCAGCAAGAAAGCTCCCAAGGAGGCTCGATGGCAAATCCAGGTCACTGCAAGAGCAGATGCCCATGGGTGACCAAAGTAAACTGATCCTCCAGATTAACTCGATCAATTATTATGTGATCTCAACAATGATCCTTCCGCAGGTTCACCTACGGAAACCTTGTTACG,"{'Frame1': 20, 'Frame2': 5, 'Frame3': 0, 'Frame4': 6, 'Frame5': 16, 'Frame6': 50}"
gi|2765591|emb|Z78466.1|PPZ78466,"{'A': 144, 'T': 171, 'C': 158, 'G': 168}",50.86%,"{'ATG': [101, 147, 207, 233, 360, 396, 444, 455, 488, 513, 535, 590], 'TATA': [], 'GAATTC': []}",GGGTTGCCTCACCTGACCTGGGTCGCAACCAAATGGCCGTCAACTGATCATGGGTTGATGGGCCTCCAATGGGGTTCAAAAGGGTCTTTAGATTATGCTGGCCCATCTAATACGACAACCCGGGGCATTCGCACAACAATTTTGTTGTAGCATAGTTCGTCCACCTCTTGCCGTATTTAGGACCATCAAAAGCCCATGCAGCTCTTAGACCCCCCGTACGCAAGAACAAGGGGCCAAACTCACATCCGCACAGGCTGAACTGTATGTATGGACAGCCTCATTAAGGGAGAGATATGACTCGCAATGCCCAGGCAGGCGTGCCCTTGGCCTGATGGCCTCGGCAAAGAGCCGAGATATCCGTTGCTGAGAGTTGTTACAAAAATAATTTGGGGAGGGTCAAGGCAGCATGCCGCCCCCTTCCAATTATGTGTCATATGACTTGGCGCAAAACTGCGCCGGGCAAGGGTTTAGATCGCCAGCAAGAAAGCTCCCATGAAGGCTCGATGGCAAATCCAGGTCACTACAAGAGCAGATGCCCATGGGTGACCAAAGTAAACTGATCCTCCAGATTAACTCGATCAATTATTATGTGATCTCAACAATGATCCTTCCGCAGGTTCACCTACGGAAACCTTGTTACG,"{'Frame1': 20, 'Frame2': 5, 'Frame3': 0, 'Frame4': 49, 'Frame5': 4, 'Frame6': 14}"
gi|2765590|emb|Z78465.1|PRZ78465,"{'A': 165, 'T': 190, 'C': 163, 'G': 184}",49.43%,"{'ATG': [101, 207, 233, 304, 321, 445, 481, 529, 540, 573, 598, 620, 675], 'TATA': [], 'GAATTC': []}",GCAACCAAATGGCCGTCAACTGATCATGGGTTGATGGGCCTCCAATGGGGTTCAAAAGGGTCTTTAGATTATGCTGGCCCATCTAATACGACAACCCGGGGCATTCGCACAACAATTTTGTTGTAGCATAGTTCGTCCACCTCTTGCCGTATTTAGGACCATCAAAAGCCCATGCAGCTCTTAGACCCCCCGTACCAAAGAACAAGGGGCCAAACTCACATCCGCACTCGCTGAACAGTATGTATGGACAGCCTCATTAAGGGAGAGATATGACTCGCAATGCCCAGGCAGGCGTTCCCTTGGCCTGATGGCCTCGGGCGCAACTTTCGTTCAAAGACTCGATGGTTTACGGGATTCTTCAATTCACACCAATTATCGCATTTCGCTGCGTTCCTCATCGATTCAAGAACCGAGAAATCCGTTGCTGAGAGTTGTCAAAAAAATAATTTGGGGAGGGTCAAGGCAGCATGCCGCCCCCTTCCAATTATGTGTCATATGACTTGGCGCAAAACTGCGCCGGGCAAGGGTTTAGATCGCCAGCAAGAAAGCTCCCAAGGAGGCTCGATGGCAAATCCAGGTCACTGCAAGAGCAGATGCCCATGGGTGACCAAAGTAAACTGATCCTCCAGATTAACTCGATCAATTATTATGTGATCTCAACAATGATCCTTCCGCAGGTTCACCTACGGAAACCTTGTTACG,"{'Frame1': 20, 'Frame2': 5, 'Frame3': 0, 'Frame4': 41, 'Frame5': 10, 'Frame6': 6}"
gi|2765589|emb|Z78464.1|PGZ78464,"{'A': 170, 'T': 194, 'C': 181, 'G': 188}",50.34%,"{'ATG': [97, 202, 228, 299, 325, 440, 476, 524, 615, 670], 'TATA': [], 'GAATTC': []}",GCTTAAACTCAGCGGGTTGCTCACCTGACCTGGGGTCGCACCAAATGGCCGTCAACTGATCATGGGTTGATGGGCCTCCAATGGGGTTCAAAAGGGTCTTTAGATTATGCTGGCCCATCTATTACGAAAGCCCGGGGAATCCGAACAGAAATTTGGTTGAAGAATAGTCCGCCCACCTCTTGCCGTTTTTAGGACCACCAAAAGCCCATGAAGTTCTTAGACCCCCCGCCCCAAAGAAAAAGGGGCCAAACTCACATCCGAACCGGTTGAACAGTATGTTTGGACAGCCTCATTAAGGGAGAGATTTGATTCGAAATGCCCAGGCAGGCGTGCCCTTGGCCTGATGGCCTCGGGCGAACTTGGCGTTCAAAGACTCGATGGTTCACGGGATTCTGAAATTCACACCATTTATCGGATTTCGCTGCGTTCTTCATCGATGCAAGAGCCGAGATATCCGTTGCTGAGAGTTGTTAAGAAAATAATTTGGGGAGGGTCAAGGCAGCATGCCGCCCCCTTCCAATTATGTGTCATATGACTTGGCGCAAAACTGCTCCGGGCAAGGGTTTAGATCTCCAGCAAGAAAGCTCCCAAGGAGGCTCGATGGCAATCCAGGTCACTACAAGAGCAGATGCCCATGGGTGACCAAAGTAAACTGATCCTCCAGACTCAACCGATCAATTATTATGTGATCTCAACAATGACCCTTCCGCTCACCTACGGAAACCTTGTTACG,"{'Frame1': 13, 'Frame2': 5, 'Frame3': 0, 'Frame4': 1, 'Frame5': 8, 'Frame6': 18}"
gi|2765588|emb|Z78463.1|PGZ78463,"{'A': 167, 'T': 193, 'C': 178, 'G': 200}",51.22%,"{'ATG': [100, 205, 231, 302, 320, 329, 444, 480, 528, 539, 572, 619, 674], 'TATA': [], 'GAATTC': []}",GCTTAAACTCAGCGGGTTGCTCACCTGATCTGGGGTCGCAACCAAATGGCCGTCAACTGATCATGGGTTGATGGGCCTCCAATGGGGTTCAAAAGGGTCTTTAGATTATGCTGGCCCATCTAATACGACAACCCGGGGTATTCGCACAGCAATTTTGTTGCAGCATAGTTCGTCCACCTCTTGCCGTATTTAGGACCATCAAAAGCCCATGCAGCTCTTAGACCCCCCGCCCCAAAGAAAAAGGGGCCAAACTCACATCCGCACCGGTTGAACAGTATGTATGGACAGCCTCATTAAGGGAGAGATATGACTCGCAATGCCCAGGCAGGCGTGCCCTTGGCCTGATGGCCTCGGGCGCAACTTGCGTTCAAAGACTCGATGGTTCACGGGATTCTGCAATTCACACCATTTATCGCATTTCGCTGCGTTCTTCCATCGATGCAAGAGCCGAGATATCCGTTGCTGAGAGTTGTTAAGAAAATAATTTGGGGAGGGTCAAGGCAACATGCCGCCCCCTCCCAATTATGTGTCATATGACTTGGCGCAAAACTCCCCCGGGCGAGGGTTTAGATCCCCAGCAAGAAAGCTCCCAAGGAGGCTCGATGGCAATCCAGGTCACTACAAGAGCAGATGCCCATGGTGACCAAAGTAAACTGATCCTCCAGACTCAACCGAACAATGATTATGTGATCTCAACAATGAACCTTCCGCAGGTTCACCTACGGAAACCTTGTTACG,"{'Frame1': 39, 'Frame2': 5, 'Frame3': 0, 'Frame4': 1, 'Frame5': 8, 'Frame6': 22}"
gi|2765587|emb|Z78462.1|PSZ78462,"{'A': 100, 'T': 133, 'C': 111, 'G': 127}",50.53%,"{'ATG': [17, 101, 548, 596, 607, 640, 687], 'TATA': [], 'GAATTC': []}",ATGGGCCTCCAATGGGGTTCAAAAGGGTCTTCAGATTACGGTGGCCCATCTAATACGACAACCCGGGGCCTTTGCACAACAATTTTGTTGTAGCATAGTTCGTCCACCTCTTGCCGTATTTAGGACCATCAAAAGCCCATGCAGCTCTTAGACCCCCCGTACCAAAGAACAAGGGGCCAAACTCACATCCGCACCGGCTGAACAGTATGTATGGACAGCCTCGTTAAGGGAGAGATATGACTCGCAATGCCCAGGCAGGCGNNNNNNNNNNNNNNNNNNNNNNNNNNNNNNNNNNNNNNNNNNNNNNNNNNNNNNNNNNNNNNNNNNNNNNNNNNNNNNNNNNNNNNNNNNNNNNNNNNNNNNNNNNNNNNNNNNNNNNNNNNNNNNNNNNNNNNNNNNNNNNNNNNNNNNNNNNNNNNNNNNNNNNNNNNNNNNNNNNNNNNNNNNNNNNNNNNNNNNNNNNNNNNNNNNNNNNNNNNNNNNNNNNNNNNNNNNNNNNNNNNNNNNNNNNNNNNNNNNNNNNNNNTATGACTTGGCGCAAAACTGCGCCGGGCAAGGGTTTAGATCTCGCCAACAAGAAATCTCCCAAGGAGGCTCGATGGCAAATCTAGGTCACTTCAACAGCAAATGCCCATGGGTGACCAAAGTAAACAGATCCTGCAGATTAACTCGATCAATTATTATGTGATCTCAACAATGATCCTTCCGCAGGGTCACATCCGGAGACCTCGTGACG,"{'Frame1': 20, 'Frame2': 14, 'Frame3': 6, 'Frame4': 30, 'Frame5': 49, 'Frame6': 16}"
gi|2765586|emb|Z78461.1|PWZ78461,"{'A': 174, 'T': 189, 'C': 190, 'G': 179}",50.41%,"{'ATG': [101, 209, 308, 334, 485, 533, 544, 577, 624, 677, 688], 'TATA': [618], 'GAATTC': [341]}",TTAACTCAGCGGCTTGCTCACTGACTGGGTCGCAACAATGGCATCAACTGATCATGGGTTGATGGGCTCCAATGGGGTTCAAAGGGTCTTCAGATTACGGTGGCCCATCTTATACGACAACCCGGGGGCTTTGGACAACAATTTTGGTGTAGCATAGTTCGTCCACCTCTTGCCGTATTTAGGACCATCAAAAGCCCATGCAGGTCTTAGACCCCCCGTACCAAAGAACAAGGGGGCAAACTCACATCCGCACCGGCTGAACAGGATGTATGGACAGGCTCGTTAAGGGAGAGATATGACTCGCAATGCCCAGGCAGGCGTTCCCTTGGCCTGATGGCCTCGGGCGCAACTTGGGTTCAAAGACTCGATGGTTCACGGGATTCTGGAATTCACACCATTTATCGGATTTCGGTGCGTTCTTCATCGATGCAAGAGCCGAGATATCCGTTGCTGAGAGTTGTGAAAAAATTATTTGGGGGAGGGTCAGGGAAGAATGCCACCCCCTCCACCAATTATGTGTCATTTGACTGGGGGAAAAATTGCGCCGGGTAAGGGTTTAGATCTCGCCAACAAGAAAGCTCCCAAGGAGGCTCGATGGAAATTCTAGGTCACTCCAGCAGCAACTGCCCATGGGTGACCAAAGTAAACAGATCCTCCAGATTACCTCGATCAATTATTATGTGATCTCAACAATGATCCTTCCGGAGGTTCACCTACGGAAACCTTGTTACG,"{'Frame1': 20, 'Frame2': 5, 'Frame3': 0, 'Frame4': 7, 'Frame5': 0, 'Frame6': 19}"
gi|2765585|emb|Z78460.1|PCZ78460,"{'A': 172, 'T': 195, 'C': 179, 'G': 199}",50.74%,"{'ATG': [101, 209, 310, 328, 337, 488, 536, 547, 580, 627, 682, 693], 'TATA': [], 'GAATTC': []}",TAAACTCAGCGGGTTGCCTCACCTGACCTGGGGTCGCAACCCAAATGGCCATCAACTGATCATGGGTTGATGGGCCTCCAATGGGGTTCAAAAGGGTCTTCAGATTACGGTGGCCCATCTAATACGACAACCCGGGGCCTTTGCACAACAATTTTGTTGTAGCATAGTTCGTCCACCTCTTGCCGTATTTGGGACCATCAAAAGCCCATGCAGCTCTTAGACCCCCCGTACCAAAGAACAAGGGGCCAAACTCACATCCGCACCGGCTGAACAGTATGTATGGACAGCCTCGTTAAGGGAGAGATATGACTCGCAATGCCCAGGCAGGCGTGCCCTTGGCCTGATGGCCTCGGGCGCAACTTGCGTTCAAAGACTCGATGGTTCACGGGATTCTGCAATTCACACCATTTATCGCATTTCGCTGCGTTCCTCCATCCGATGCAAGAGCCGAGATATCCCGTTGCTGAGAGTTGTTAAAAAAATAATTTGGGGAGGGTCAGGGCAGGATGCCACCCCCTTCACCAATTATGTGTCATATGACTTGGCGCAAAACTGCGCCGGGCAAGGGTTTAGATCTCGCCAACAAGAAAGCTCCCAAGGAGGCTCGATGGCAAATCTAGGTCACTTCAACAGCAAATGCTCATGGGTGACCAAAGTAAACAGATCCTCCAGATTAACTCGATCAATTATTATGTGATCTCAACAATGATCCTTCCGGAGGTTCACCTACGGAAACCTTGTTACG,"{'Frame1': 20, 'Frame2': 5, 'Frame3': 0, 'Frame4': 0, 'Frame5': 22, 'Frame6': 7}"
gi|2765584|emb|Z78459.1|PDZ78459,"{'A': 171, 'T': 198, 'C': 177, 'G': 198}",50.40%,"{'ATG': [101, 209, 309, 489, 537, 548, 581, 628, 683, 694], 'TATA': [], 'GAATTC': []}",AAACTCAGCGGGTTGCCTCACCTGACCTGGGGTCGCAACCAAATGGCCATCAACTGATCATGGGTTGATGGGCCTCCAATGGGGTTCAAAAGGGTCTTCAGATTACGGTGGCCCATCTAATACGACAACCCGGGGCCTTTGCACAACAATTTTGTTGTAGCATAGTTCGTCCACCTCTTGCCGTATTTAGGACCATCAAAAGCCCATGCAGCTCTTAGACCCCCCGTACCAAAGAACAAGGGGCCAAACTCACATCCGCACCGGCTGAACAGTATGTATGGACAGCCTCGTTAAGGGAGAGATATGACTCGCAATGCCCAGGCAGGCGTGCCCTTGGCCTGATGGCCTCGGGCGCAACTTGCGTTCAAAGACTCGATGGTTCACGGGATTCTGCAATTCACACCAATTTATCGCAATTTCGCTGCGTTCCTCCATCCGATGCAAGAGCCGAGATATCCGTTGCTGAGAGTTGTTAAAAAAATAATTTGGGGAGGGTCAGGGCAGGATGCCACCCCCTTCACCAATTATGTGTCATATGACTTGGCGCAAAACTGCGCCGGGCAAGGGTTTAGATCTCGCCAACAAGAAAGCTCCCAAGGAGGCTCGATGGCAAATCTAGGTCACTTCAACAGCAAATGCTCATGGGTGACCAAAGTAAACAGATCCTCCAGATTAACTCGATCAATTATTATGTGATCTCAACAATGATCCTTCCGCAGGTTCACCTACGGAAACCTTGTTACG,"{'Frame1': 20, 'Frame2': 5, 'Frame3': 0, 'Frame4': 18, 'Frame5': 7, 'Frame6': 21}"
gi|2765583|emb|Z78458.1|PHZ78458,"{'A': 167, 'T': 194, 'C': 178, 'G': 199}",51.08%,"{'ATG': [101, 307, 324, 333, 483, 531, 542, 575, 622, 677, 688], 'TATA': [], 'GAATTC': []}",CAACTCAGCGGGTTGCCTCACCTGACCTGGGGTCGCAACCAAATGGCCATCAACTGATCATGGGTTGATGGGCCTCCAATGGGGTTCAAAAGGGTCTTCAGATTACGGTGGCCCATCTAATACGACAACCCGGGGCCTCTGCACAACAATTTTGTTGTAGCATAGTTCGTCCACCTCTTGCCGTATTTAGGACCATCAAAAGCCCATGCAGCTCTTAGACCCCCCGTACCAAAGAACAAGGGGCCAAACTCACATCCGCACCGGCTGAACAGTATGTATGGACAGCCTCGTTAAGGGAGAGATATGACTCGCAATGCCCAGGCAGGCGTGCCCTTGGCCTGATGGCCTCGGGCGCAACTTGCGTTCAAAGACTCGATGGTTCACGGGATCTGCAATTCACACCATTTATCGCATTTCGCTGCGTCCTCCATCGATGCAAGAGCCGAGATATCCGTTGCTGAGAGTTGTTAAAAAATAATTTGGGGAGGGTCAGGGAAGGATGCCACCCCCTTCACCAATTATGTGTCGTACGACTTGGCGCAAAACTGCGCCGGGCAAGGGTTTAGATCTCGCCAACAAGAAAGCTCCCAAGGAGGCTCGATGGCAAATCTAGGTCACTTCAACAGCAAATGCTCATGGGTGACCAAAGTAAACAGATCCTCCAGATTAACTCGATCAATTATTATGTGATCTCAACAATGATCCTTCCGCAGGTTCACCTACGGAAACCTTGTTACG,"{'Frame1': 20, 'Frame2': 5, 'Frame3': 0, 'Frame4': 18, 'Frame5': 7, 'Frame6': 21}"
gi|2765582|emb|Z78457.1|PCZ78457,"{'A': 170, 'T': 196, 'C': 182, 'G': 191}",50.47%,"{'ATG': [101, 209, 309, 327, 336, 487, 535, 546, 579, 626, 681, 692], 'TATA': [], 'GAATTC': []}",CTCAGCGGGTTGCCTCACCTGACCTGGGGTCGCAACCAAATGGCCATCAACTGATCATGGGTTGATGGGCCTCCAATGGGGTTCAAAAGGGTCTTTAGATTACGGTGGCCCATCTAATACGACAACCCGGGGCCTTTGCACAACGATTTTGTTGTAGCATAGTTCGTCCACCTCTTGCCGTATTTAGGACCATCAAAAGCCCATGCAGCTCTTAGACCCCCCGTACCAAAGAACAAGGGGCCAAACTCACATCCGCACCGGCTGAACAGTATGTATGGACAGCCTCGTTAAGGGAGAGATATGACTCGCAATGCCCAGGCAGGCGTGCCCTTGGCCTGATGGCCTCGGGCGCAACTTGCGTTCAAAGACTCGATGGTTCACGGGATTCTGCAATTCACACCATTTATCGCATTTCGCTGCGGTCCTTCATCCGATGAAAGAGCCGAGATATCCGTTGTTGAGAGTTGTTAAAAAAATATTTGGGGGAGGGTCAGGGAAGAATGCCACCCCCTCCACCAATTATGTGCCATTTGACTGGGGGAAAAACTGCGCCGGGCAAGGGTTTAGATCTCGCCAACAAGAAAGCTCCCAAGGAGGCTCGATGGAAATTCTAGGTCACTACAACAGAAAATGCCCATGGGTGACCAAAGTAAACAGATCCTCCAGATTAACTCGATCAATTATTATGTGATCTCAACAATGATCCTTCCGGAGGTTCACCTACGGAAACCTTGTTACG,"{'Frame1': 20, 'Frame2': 5, 'Frame3': 0, 'Frame4': 17, 'Frame5': 6, 'Frame6': 20}"
gi|2765581|emb|Z78456.1|PTZ78456,"{'A': 171, 'T': 195, 'C': 175, 'G': 199}",50.54%,"{'ATG': [101, 210, 309, 326, 335, 484, 532, 543, 576, 623, 678, 689], 'TATA': [], 'GAATTC': []}",GCTAAACTCAGGGTTGCCTCACCTGACCTGGGTCGCAACCCAAATGGCCATCAACTGATCATGGGTTGATGGGCCTCCAATGGGGTCCAAAAGGGTCTTCAGATTACGGTGGCCCATCTAATACGACAACCCGGGGCCTTTGCACAACAATTTTGTTGTAGCATAGTTCGTCCACCTCTTGCCGTATTTAGGACCATCAAAAGCCCATGCAGCTCTTAGACCCCCCGTACCAAAGAACAAGGGGCCAAACTCACATCCGCACCGGCTGAACAGTATGTATGGACAGCCTCGTTAAGGGAGAGATATGACTCGCAATGCCCAGGCAGGCGTGCCCTTGGCCTGATGGCCTCGGGCGCAACTTGCGTTCAAAGACTCGATGTTCACGGGATTCTGCAATCACACCATTTATCGCATTTCGCTGCGTTCTTCATCGATGCCAGACCGGAGATATCCGTTGCTGAGAGTTGTTAAAAAAATAATTTGGGGAGGGTCAGGGCAGGATGCCACCCCCTCCACCAATTATGTGTCATATGACTTGGCGCAAAACTGCGCCGGGCAAGGGTTTAGATCTCGCCAACAAGAAAGCTCCCAAGGAGGCTCGATGGCAAATTCTAGGTCACTTCAACAGCAAATGCTCATGGGTGACCAAAGTAAACAGATCCTCCAGATTAACTCGATCAATTATTATGTGATCTCAACAATGATCCTTCCGCAGGTTCACCTACGGAAACCTTGTTACG,"{'Frame1': 20, 'Frame2': 5, 'Frame3': 0, 'Frame4': 22, 'Frame5': 18, 'Frame6': 0}"
gi|2765580|emb|Z78455.1|PJZ78455,"{'A': 180, 'T': 198, 'C': 184, 'G': 183}",49.26%,"{'ATG': [101, 220, 325, 334, 485, 533, 544, 577, 624, 679, 690], 'TATA': [], 'GAATTC': []}",TGCTAAACTCAGCGGGTTGCCTCACCTGACCTGGGGTCGCAACCCAAATGGCCATCAACTGATCATGGGTTGATGGGCCTCCAATGGGGTTCAAAAGGGTCTTCAGATTACGGTGGCCCATCTAATACGACAACCCGGGGCCTTTGCACAACAATTTTGTTGTAGCATAGTTCGTCCACCTCTTGCCGTATTTAGGACCATCAAAAGCCCATGAAGCTCTTAGACCCCCCGTGCCAAAGAACAAGGGGCCAAACTCACATCCGCACCGGCTGAACAGTATGTATGGACAGCCTCGTTAAGGGAGAGATATGACTCGCAATGCCCAGGCAGGCGTGCCCTTGGCCTGATGGCCTCGGGCGCAACTTGCGTTCAAAGACTCGATGGTTCACGGGATTCTGCAATTCACACCATTTATCGCATTTCGCTGGTTCTTCAACCGATGCAAGAGCCGAGATATCCGTTGCTGAGAGTTGTTAAAAAATTATTTGGGGGAGGGTAAGGGAAGGATGCCACCCCCTCCACCATTTTTGTGTAATTTGATTGGGGGAAAAACTGCGCCGGGAAAGGGTTTAGTTCTCGCCAAAAAGAAAGTTCCCAAGGGGGTTCGATGGAAATTCTAGGTCACTCCAAAAGAAATTGTTCATGGGTGACCAAAGTAAAAAGTTCCTCCAGATTAACTCGATCAATTTTTATGTGATCTCAAAAATGATCCTCCCGAAGGTCCACCTACGGAAACCTGGTTACG,"{'Frame1': 20, 'Frame2': 5, 'Frame3': 0, 'Frame4': 1, 'Frame5': 23, 'Frame6': 8}"
gi|2765579|emb|Z78454.1|PFZ78454,"{'A': 161, 'T': 181, 'C': 171, 'G': 181}",50.72%,"{'ATG': [101, 291, 300, 451, 499, 510, 543, 590, 645, 656, 668], 'TATA': [], 'GAATTC': []}",GTTGCCTCACCTGACCTGGGGTCGCATCCAAATGGCCATCAACTGATCATGNGGTTGATGGGCCTCCAATGGGTTCAAAAGGGGCTTCAGATTACGGTGGCCCATCTAATACGACAACCCGGGGCCTTTGCACAACAATTTTGTTGTAGCATAGTTCGTCCACCTCTTGCCGTATTTAGGACCATCAAAAGCCCATGCAGCTCTTAGACCCCCCGTACCAGAGAACAAGGGGCCAAACTCACATCCGCACCGGCTGAACAGTATGTATGGACAGCCTCGTTAAGGGAGAGATATGACTCGCAATGCCCAGGCAGGCGTGCCCTTGGTCTGATGGCCTCGGCCGCAACTTGCGTTCACAGACTCGATGGTTCACGGGATTCTGCAAATCACACCATTTATCGCATGAGTTCCGTTGATGAGAGTTGTTAACAATAGTGGGGGGAGGGTCAGGGCAGGATGCCACCCCCTTCACCGATTATGTGTCAAATGACTTGGAGAAAAACTGCGCCGGGCAAGGGTTTAGATCTCGCCAACAAGAAAGCTCCCAAGGAGGCTCGATGGTAAATCTAGGTCACTTCAACAGCAAATGCTCATGGGTGACCAAAGTAAACAGATCCTCCAGATTATCTCGATCAATTATTATGTGATCTCAACAATGATCCTTCCGCAGGTTCACCTACGGAAACCTTGTTACG,"{'Frame1': 20, 'Frame2': 5, 'Frame3': 0, 'Frame4': 68, 'Frame5': 14, 'Frame6': 3}"
gi|2765578|emb|Z78453.1|PSZ78453,"{'A': 174, 'T': 195, 'C': 182, 'G': 194}",50.47%,"{'ATG': [101, 309, 326, 335, 486, 534, 545, 578, 625, 680, 691], 'TATA': [], 'GAATTC': []}",TGCTAAACTCAGCGGGTTGCCTCACCTGACCTGGGGTCGCAACCAAATGGCCATCAACTGATCATGGGTTGATGGGCCTCCAATGGGGTTCAAAAGGGTCTTCAGATTACGGTGGCCCATCTAATACGACAACCCGGGGCCTTTGCACAACAATTTTGTTGTAGCATAGTTCGTCCACCTCTTGCCGTATTTAGGACCATCAAAAGCCCATGCAGCTCTTAGACCCCCCGTACCAAAGAACAAGGGGCCAAACTCACATCCGCACCGGCTGAACAGTATGTATGGACAGCCTCGTTAAGGGAGAGATATGACTCGCAATGCCCAGGCAGGCGTGCCCTTGGCCTGATGGCCTCGGGCGCAACTTGCGTTCAAAGACTCGATGGTTCACGGGATTCTGCAATTCACACCATTTATCGCATTTCGCTGCGTTCTTCATCGATGCAAGAGCTGAGATATCCGGTTGCTGAGAGTTGTTAAAAAATAATTTGGGGGAGGGTCAGGGAAGGATGCCACCCCCTTCACCAGTTATGTGTCAAATGAGTTGGCGCAAAACTGCGCCGGGCAAGGGTTTAGATCTCGCCAACAAGAAAGCTCCCAAGGAGGCTCGATGGCAACTCTAGGTCACTTCAACAGCAAATGCTCATGGGTGACCAAAGTAAACAGATCCTCCAGATTAACTCGATCAATTATTATGTGATCTCAACAATGATCCTTCCGCAGGTTCACCTACGGAAACCTTGTTACG,"{'Frame1': 20, 'Frame2': 5, 'Frame3': 0, 'Frame4': 1, 'Frame5': 19, 'Frame6': 8}"
gi|2765577|emb|Z78452.1|PBZ78452,"{'A': 178, 'T': 198, 'C': 174, 'G': 193}",49.39%,"{'ATG': [101, 209, 308, 325, 334, 485, 533, 544, 570, 577, 624, 679, 690, 702], 'TATA': [], 'GAATTC': []}",TGCTAAACTCAGCGGTTGCCTCACCTGACCTGGGGTCGCATCCAAATGGCCATCAACTGATCATGGGTTGATGGGCCTCCAATGGGGTTCAAAAGGGTCTTCAGATTACAGTGGCCCATCTAATACGACAACCCGGGGCCTTTGCACAACAATTTTGTTGTAGCATAGTTCATCCACCTCTTGCCGTATTTAGGACCATCAAAAGCCCATGCAGCTCTTAGACCCCCCGTACCAAAGAACAAGGGGCCAAACTCACATCCGCACCGGCTGAACAGTATGTATGGACAGCCTCGTTAAGGGAGAGATATGACTCGCAATGCCCAGGCAGGCGTGCCCTTGGCCTGATGGCCTCGGGCGCAACTTGCGTTCAAAGACTCGATGGTTCACGGGATTCTGCAATTCACACCATTTATCGCATTTCGCTGCGTTCTTCATCGATTCAAGAGCCGAGATATCCGTTGCTGAGAGTTGTTAAAAAAATAATTTGGGGAGGGTCAGGGCAGGATGCCACCCCCTTCACCAATTATGTGTCATATGACTTGGCGCAAAACTGCGCCGGGCAAGGGTTTAGATCTCGCCAAAAAGAAAGCTCCCAAGGAGGCTTGATGGCAAATCTAGGTCACTTCAACAGCAAATGCTCATGGGTGACCAAAGTAAATAGATCCTCCAGATTAACTCGATCAATTATTATGTGATCTCAACAATGATCCTTCCGCAGGTTCACCTACGGAAACCTTGTTACG,"{'Frame1': 20, 'Frame2': 5, 'Frame3': 0, 'Frame4': 1, 'Frame5': 8, 'Frame6': 22}"
gi|2765576|emb|Z78451.1|PHZ78451,"{'A': 176, 'T': 183, 'C': 188, 'G': 183}",50.82%,"{'ATG': [101, 135, 208, 305, 329, 480, 528, 539, 620, 675, 686, 697], 'TATA': [645], 'GAATTC': []}",GCTCAGCTGGTTGCTCACTGACTGGTGTCGCATCAAATGGCCATCAACTGATCATGGGTTGATGGGCCTCCAATGGGGTTCTATAGGGTCTTCAGATTACGGTGGCCCATCTAATACGACAACCCGGGGGCTTCGCACAACAATTTTATTGTAGGGATAGTTCGTCCACCTCTTGCCGTTTTTAGGACCATCAAAATCCCATGCAGGTCTTAGACCCCCCGTACCAAAGAACAAGGGGGCAAACTCACATCCGCACCGGGTGAACAGTATGTATGGACAGCCTCGTTAAGGGAGAGATTTGACTCGCGATGCCCAGGGAGGGGTGCCCTTGGCCTGATGGCCTCGGGCGCAACTTGGGTTCAAAGACTCGATGGTTCACGGGATTCTGCAATTCACACCATTTATCGATTTCGCTGGTTCTTCATCGATGAAAGAGCGAGATTTCCGTTGTTGAGAGTTGCAAAAAATACTTTGGGGAGGGTCAGGGCAGGATGCCCGCCCCCTACACCAATTATGTGTCATATGACTTGGCGCAAAACTGCGCCGGGCACGGGTTTAGATCTCGCCAGCAAGAAAGCTCCCAGGGGGGCTCCATGGAAATCTAGGTCACTACAACAGCAAATGCCCATGGGTGACCAAAGTAAACAGATCCTCCAGATTATCTCGATCAATTATTATGTGATCTCAACAATGATCCTTCCGGAGGTACACCTACGGAAACCTTGTTACG,"{'Frame1': 20, 'Frame2': 5, 'Frame3': 0, 'Frame4': 6, 'Frame5': 50, 'Frame6': 19}"
gi|2765575|emb|Z78450.1|PPZ78450,"{'A': 168, 'T': 181, 'C': 178, 'G': 179}",50.57%,"{'ATG': [72, 180, 279, 296, 305, 456, 504, 512, 515, 549, 596, 651, 662, 668], 'TATA': [], 'GAATTC': []}",CTCAGGGGTTGCTCAGCTGATCTGGGGTCGCAACACATGGTCATCAACTGATCATGGGTTGATGGTCCTCCAATGGGGTTCAACAGGGTCTACAGGTTACGGTGGCCCATCTAATACGACAACCCGGGGCCTTGGCACAACAATTTGGTTGTAGCATAGTTCGTCCACCTCTTGCCAGTTTTGAGGACCATCATATGCCCATGCAGTTCTTAGACCCCCCGGACCAAAGAACAAGGGGCCACACTCACATCCGCACCGGATGAACAGTATGTATGGACAGCCTCGTTAGGGGAGAGATATGACTCGGAATGCCCAGGCAGGCGTGCCCTTGGCCTGATGGCCTCGGGCGCAACTTGCGTTCAAAGACTCGATGGTTCACGGGATTCTGCAATTCACACCATTTATCGCATTTCGCTGCGTTCTTCATCGATGCAAGAGCCGAGATATCCGTTGCTGAGAGTTGTTAAAAAAATAATTTGGGGAGGGTCAGGGCAGGATGCCACCCCCTTCACCAATTATGTGTCATATGACTTGGCGCAAAACTGCGCCGGGCAAGGGTTTAGATCTCGGCAACAAGAAAGCTCCCAAGGAGGCTCGATGGCAAATCTAGGTCACTTCAACAGTAAATGCTCATGGATGACCAAAGTAAACAGATCCTCCAGCTTAACTCGATCAATTATTATGTGATATCAGCAATGATCCTTCC,"{'Frame1': 8, 'Frame2': 10, 'Frame3': 4, 'Frame4': 16, 'Frame5': 50, 'Frame6': 5}"
gi|2765574|emb|Z78449.1|PMZ78449,"{'A': 173, 'T': 199, 'C': 180, 'G': 192}",50.00%,"{'ATG': [101, 307, 325, 334, 485, 533, 544, 577, 624, 679, 690, 740], 'TATA': [], 'GAATTC': []}",GCATAAACTCAGCGGGTTGCCTCACCTGACCTGGGGTCGCAACCAAATGGCCATCAACTGATCATGGGTTGATGGGCCTCCAATGGGGTTCAAAAGGGTCTTCAGATTACGGTGGCCCATCTAATACGACAACCCGGGGCCTTTGCACAACAATTTAGTTGTAGCATAGTTCGTCCACCTCTTGCCGTATTTAGGACCATCAAAAGCCCATGCAGCTCTTAGACCCCCCGTACCAAAGAACAAGGGGCCAAACTCACATCCGCACCGGCTGAACAGTATGTATGGACAGCCTCGTTAAGGGAGAGATATGACTCGCAATGCCCAGGCAGGCGTGCCCTTGGCCTGATGGCCTCGGGCGCAACTTGCGTTCAAAGACTCGATGGTTCACGGGATTCTGCAATTCACACCATTTATCGCATTTTCGCTGCGTTCTTCATCGATGCAAGAGCTGAGATATCCGTTGCTGAGAGTTGTTAAAAAAATAATTTGGGGGAGGGTCAGGGCAGGATGCCACCCTTCACCAATTATGTGTCAAATGAGTTGGCGCAAAACTGCGCCGGGCAAGGGTTTAGATCTCGCCAACAAGAAAGCTCCCAAGGAGGCTCGATGGCAAATCTAGGTCACTTCAACAGCAAATGCTCATGGGTGACCAAAGTAAACAGATCCTCCAGATTAACTCGATCAATTATTATGTGATCTCAACAATGATCCTTCCGCAGGTTCACCTACGGAAACCTTGTTACG,"{'Frame1': 20, 'Frame2': 5, 'Frame3': 0, 'Frame4': 1, 'Frame5': 19, 'Frame6': 8}"
gi|2765573|emb|Z78448.1|PAZ78448,"{'A': 172, 'T': 194, 'C': 177, 'G': 197}",50.54%,"{'ATG': [101, 209, 311, 329, 338, 489, 537, 548, 581, 628, 683, 694], 'TATA': [], 'GAATTC': []}",CCTCAGCGGGTTGCCTCACCTGACCTGGGGTCGCANCCAAATGGCCATCAACTGATCATGGGCTGATGGGCCTCCAATGGGGTTCAAAAGGGTCTTCAGATTACGGTGGCCCATCTAATACGACAACCCGGGGCCTTTGCACAACAATTTTNTTGTAGCATAGTTCGTCCACCTCTTGCCGTATTTAGGACCATCAAAAGCCCATGCAGCTCTTAGACCCCCCGTACCAAAGAACAAGGGGCCAAACTCACATCCGCACCGGCTGAACAGTATGTATGGACAGCCTCGTTAAGGGAGAGATATGACTCGCAATGCCCAGGCAGGCGTGCCCTTGGCCTGATGGCCTCGGGCGCAACTTGCGTTCAAAGACTCGATGGTTCACGGGATTCTGCAATTCACACCATTTATCGCATTTCGGTGCGTTCTTCCATCCGATGCAAGAGCTGAGATATCCGTTGCTGAGAGTTGTTAAAAAAATAATTTGGGGAGGGTCAAGGGAAGGATGCCACCCCCCTTCACCAATTATGTGTCATACGACTTGGCGCAAAACTGCGCCGGGAAAGGGTTTAGATCTCGCCAACAAGAAAGCTCCCAAGGAGGCTCGATGGCAATTCTAGGTCACTTCAACAGCAAATGCTCATGGGTGACCAAAGTAAACAGATCCTCCAGATTAACTCGATCAATTATTATGTGATCTCAACAATGATCCTTCCGCAGGTTCACCTACGGAAACCTTGTTACG,"{'Frame1': 20, 'Frame2': 5, 'Frame3': 0, 'Frame4': 21, 'Frame5': 17, 'Frame6': 6}"
gi|2765572|emb|Z78447.1|PVZ78447,"{'A': 162, 'T': 175, 'C': 168, 'G': 189}",51.44%,"{'ATG': [100, 208, 259, 276, 285, 436, 484, 495, 528, 575, 630, 641], 'TATA': [], 'GAATTC': []}",GCTTAAACTCAGCGGGTTGCCTCACCTGACTGGGGTCGCAACCAAATGGCCATCAACTGATCATGGGTTGATGGGCCTCCAATGGGGTTCAAAAGGGTCTTCAGATTACGGTGGCCCATCTAATACGACAACCCGGGGCCTTTGCACAACAATTTTGGTGTAGCATAGTTCGTCCACCTCTTGCCGTATTTAGGACCATCAAAAGCCCATGCAGCTCTTAGACCCCCCGTACCAAAGAACAAGGGGCCAAACTCACATCCGCACCGGCTGAACAGTATGTATGGACAGCCTCGTTAAGGGAGAGATATGACTCGCAATGCCCAGGCAGGCGTGCCCTTGGCCTGATGGCCTCGGGCGCAACTTGCGTTCAAAGACTCGATGGTTCACGGGATTCTGCAATTCACACCATTTATCGCATTTCGCTGGGTTCTTCATCGATGCAAGAGCCGAGATAGGATGCCACCCCCTTCACCACTTATGTGTCATTTGACTGGGGGCAAAATTGCGCCGGGTAAGGGTTTAGTTCTCGCCAACAAGAAAGCTCCCAGGGAGGCTCGATGGCAACTCTAGGTCACTTCAACAGGAAATGCCCATGGGTGACCAAAGTAAACAGATCCTCCAGATTACTCGATCAATTATTATGTGATCTCAACAATGATCCTCCCGCAGGTTCACCTACGGAATCCTTGTTACG,"{'Frame1': 20, 'Frame2': 5, 'Frame3': 0, 'Frame4': 1, 'Frame5': 53, 'Frame6': 8}"
gi|2765571|emb|Z78446.1|PAZ78446,"{'A': 168, 'T': 187, 'C': 170, 'G': 187}",50.14%,"{'ATG': [101, 209, 294, 319, 467, 515, 526, 559, 606, 661, 672], 'TATA': [], 'GAATTC': []}",GGGTTGCCTCACCTGACCTGGGTCGCAACCAAATGGCCATCAACTGATCATGGGTTGATGGGCCTCCAATGGGGTTCAAAAGGGTCTTCAGATTACGGTGGCCCATCTAATACGACAACCCGGAGCCTTTGCACAACAATTTTGTTGTAGCATAGTTCGTCCACCTCTTGCCGTATTTAGGGCCATCAAAAGCCCATGCAGCTCTTAGACCCCCCGTACCGAAGAACAAGGGGCCAAACTCACATCTGCACCGGCTGAACAGTATGTATGGACAGCCTCGTTAAGGGAGAGATATGACTCGCAATCCCAGGCAGGCGTGCCCTTGGCCTGATGGCCTCGGGCGCAACTTGCGTTCAAAGACTCGATGTTCACGGGATTCTGCAATCACACCATTATCGCAATTTCGCTGGTCCTCCATCGATGAAGAGCCGAGTATCCGTTGCTGAGAGTTGTTAAAAAATTATTTGGGGAGGATGCCACCCCCTTCACCAATTATGTGTCATATGACTTGGCGCAAAACTGCGCCGGGCAAGGGTTTAGATCTCGCCAACAAGAAAGCTCCCAAGGAGGCTCGATGGCAAATCTAGGTCACTTCAACAGGAAATGCTCATGGGTGACCAAAGTAAACAGATCCTCCAGATTAACTCGATCAATTATTATGTGATCTCAACAATGATCCTTCCGGAGGTTCACCTACGGAAACCTTGTTACG,"{'Frame1': 20, 'Frame2': 5, 'Frame3': 0, 'Frame4': 49, 'Frame5': 4, 'Frame6': 14}"
gi|2765570|emb|Z78445.1|PUZ78445,"{'A': 161, 'T': 191, 'C': 174, 'G': 189}",50.77%,"{'ATG': [101, 306, 315, 466, 514, 525, 558, 605, 660, 671], 'TATA': [], 'GAATTC': []}",ACAGCTGTTGCTCACCTGACCTGGGGTCGCAACCAAATGGCCATCAACTGATCATGGGTTGATGGGCCTCCAATGGGGTTCAAAAGGGTCTTCAGATTACGGTGGCCCATCTAATACGACAACCCGGGGCCTCTGCACAACAATTTTGTTGTAGCATAGTTCGTCCACCTCTTGCCGTATTTAGGACCATCAAAAGCCCATGCAGCTCTTAGACCCCCCGTACCAAAGAACAAGGGGCCAAACTCACATCCGCACCGGCTGAACAGTATGTATGGACAGCCTCGTTAAGGGAGAGATATGACTCGCAATGCCCAGGCAGGCGTGCCCTTGGCCTGATGGCCTCGGGCGCAACTTGCGTTCAAAGACTCGATGGTGCACGGGATTCTGCAATTCACACCATTTATCGCATTTGCCGAAGACTGAGTCTCCGTTGCTGAGAGTTGTTAAAAAAATAGTTGGGGGAGGGTCAGGGAAGGATGCCACCCCCTTCACCAATTATGTGTCAAACGACTTGGAGCAAAACTGCGCCGGGCAAGGGTTTAGATCTCGCCAACAAGAAAGCTCCCAAGGAGGCTCGATGGCAATTCTAGGTCACTTCAACAGCAAATGCTCATGGGTGACCAAAGTAAACAGATCCTCCAGATTAACCCGATCAATTATTATGTGATCTCAACAATGATCCTTCCGCAGGTTCACCTACGGAAACCTTGTTACG,"{'Frame1': 20, 'Frame2': 5, 'Frame3': 0, 'Frame4': 16, 'Frame5': 5, 'Frame6': 19}"
gi|2765569|emb|Z78444.1|PAZ78444,"{'A': 168, 'T': 185, 'C': 165, 'G': 170}",48.69%,"{'ATG': [101, 299, 316, 325, 476, 520, 524, 535, 568, 615, 669, 679], 'TATA': [609], 'GAATTC': []}",AATGGCCATCAACTGACATGGGTTGATGGGCTCCAATGGGGTCCAAAAGGGTCTTCAGATATCGGTGGCCCATCTTATACGACAACCCGGGGCCTTTGCACAACAATTTTGTTGTAGCATAGTTCGTCCACCTCTTGCCGTATTTAGGACCATCAAAAGCCCATGCATCTCTTAGACCCCCCGTACCAAAGAACAAGGGGCCAAACTCACATCCGCACCGGCTGAACAGTATGTATGGACAGCCTCGTTAAGGGAGAGATATGACTCGCAATGCCCAGGCAGGCGTGCCCTTGGCCTGATGGCCTCGGGCGCAACTTGCGTTCAAAGACTCGATGGTTCACGGGATTCTGCAATTCACACCATTTATCGCATTTCGGTGGGTTCTTCATCGATGCAAGAGCTGAGATATCCGTTGCTGAGAGTTGTTAAAAAAATATTTGGGGGAGGGTAAGGGAAGAATGCCACCCCCTCCACCAATTTTGTGTAATTTGATTGGGGGAAAAATTGAGGGTTTAGATATCGCCAACAAGGATGCTCCCAAGGAGGCTCGATGGCAAATCTAGGTCACTTCAACAGCAAATGCCCATGGGTGACCCAAGTAAACAGATCCTCCAGATTAACTCGATCAATTATTATGTGATCTCAACAATGATCCTTCCGCAGTTCACCCTACGGAAACCTTGTTACG,"{'Frame1': 7, 'Frame2': 5, 'Frame3': 0, 'Frame4': 38, 'Frame5': 4, 'Frame6': 7}"
gi|2765568|emb|Z78443.1|PLZ78443,"{'A': 139, 'T': 160, 'C': 143, 'G': 168}",50.98%,"{'ATG': [101, 386, 394, 546, 594, 605, 638, 685, 740, 751], 'TATA': [], 'GAATTC': []}",CCTCACCTGACTGGGTCGCAACCAAATGGCCATCAACTGATCATGGGTTGATGGGCCTCCAATGGGGTTCAAAAGGGTCTTCAGATTATGGTGGCCCATCTAATACGACAACCCGGGGCCTTTGCACAACAATTTTGTTGTAGCATAGTTCGTCCACCTCTTGCCGTATTTAGGACCATCAAAAGCCCATGCAGCTCTTAGACCCCCCGTACCAAAGAACAAGGGGCCAAACTCACATCCGCACCGGCTGAACAGGTGTGTATGGACAGCCTCGTTAAGGGAGAGATATGACTCGCAATGCCCAGGCAGGCGTGCCCTTGGCCTGATGGCCTCGGGCGCAACTTGCGTTCAAAGACTCGATGGTTCACGGGATTCTGCAATTCACACCATTATCGCATTTCGCTGNNNNNNNNNNNNNNNNNNNNNNNNNNNNNNNNNNNNNNNNNNNNNNNNNNNNNNNNNNNNNNNNNNNNNNNNNNNNNNNNNNNNNNNNNNNNNNNNNNNNNNNNNNNNNNNNNNNNNNNNNNNNNNNNNNNNNNNNNNNNNNNNNNNNNNNNNNNNNNNNNNNNNNNNNNNNNNTGTGGCCCAAAACTCTGCCGGGCAAGGGTTTAGATATCGCCAACAAGAAAGCTCCCAAGGAGGCTCGATGGCAAATCTAGGTCACTTCAACAGCAAATGCCCATGGGTGACCCAAGTAAACAGATCCTCCAGATTAACTCGATCAATTATTATGTGATCTCAACAATGATCCTTCCGCAGGTTCACCTACGGAAACCTTGTTACG,"{'Frame1': 20, 'Frame2': 5, 'Frame3': 0, 'Frame4': 16, 'Frame5': 2, 'Frame6': 46}"
gi|2765567|emb|Z78442.1|PBZ78442,"{'A': 171, 'T': 184, 'C': 179, 'G': 187}",50.76%,"{'ATG': [86, 194, 293, 310, 319, 471, 519, 530, 563, 610, 665, 676], 'TATA': [], 'GAATTC': []}",ACTCAGCGGGTTGCTCAGCTGACTGGGGTCGCAACAAATGGTCATCAACTGATCATGGGTTGATGGGCCTCCAATGGGGTTCAAAAGGGTCTTCAGGTTACGGTGGCCCATCTAATACGACAACCCGGGGCCTTGGGACAACAATTTTGTTGTGGCATAGTTCGTCCACCTCTTGCCGTTTTGAGGACCATCAAATGCCCATGCAGCTCTTAGACCCCCGGTACCAAAGAACAAGGGGCCAAACTCACATCCGCACCGGATGAACAGTATGTTTGGATAGCCTCGTTAGGGGAGAGATATGATTCCCAATGCCCAGGCAGGCGTGCCCTTGGCCTGATGGCCTCGGGCGCAACTTGCGTTCCAAAGACTCGATGGTTCACGGGATTCTGCAATTCACACCATTTATCGCATTTCGCTGCGTTCTTCATCGATGCAAGAGCCGAGATATCCGTTGCTGAGAGTTGTTAAAAAAATAATTTGGGGAGGGTCAGGGCAGGATGCCACCCCCTTCACCAATTATGTGTCATATGACTTGGCGCCAAACTCCGCCGGGCAAGGGTTTAGATCTCGCCAACAAGAAAGCTCCCAAGGAGGCTCGATGGCAAATCTAGGTCACTTCAACAGCAAATGCCCATGGGTGACCAAAGTAAACAGATCCTCCAGATTAACTCGATCAATTATTATGTGATCTCAACAATGATCCTTCCGCAGGTTCACCTAC,"{'Frame1': 15, 'Frame2': 0, 'Frame3': 1, 'Frame4': 20, 'Frame5': 6, 'Frame6': 86}"
gi|2765566|emb|Z78441.1|PSZ78441,"{'A': 164, 'T': 181, 'C': 175, 'G': 183}",50.92%,"{'ATG': [70, 178, 277, 294, 303, 454, 502, 513, 546, 593, 648, 659, 665], 'TATA': [], 'GAATTC': []}",CTCAGCGCGTTGCTCAGCTGACTGGGGTCGCAACACATGGTCATCAACTGATCATGGGTTGATGGGCCTCCAATGGGGTTCAAAAGGGTCTTCAGGTTACGGTGGCCCATCTAATACGACAACCCGGGGCCTTGGGACAACAATTTGGTTGTAGCATAGTTCGTCCACCTCTTGCCGTTTTGAGGACCATCAAATGCCCATGCAGCTCTTAGACCCCCCGTACCAAAGAACAAGGGGCCAAACTCACATCCGCACCGGATGAACAGTATGTATGGACAGCCTCGTTAAGGGAGAGATATGACTCGCAATGCCCAGGCAGGCGTGCCCTTGGCCTGATGGCCTCGGGCGCAACTTGCGTTCAAAGACTCGATGGTTCACGGGATTCTGCAATTCACACCATTTATCGCATTTCGCTGCGTTCTTCATCGATGCAAGAGCCGAGATATCCGTTGCTGAGAGTTGTTAAAAAAATAATTTGGGGAGGGTCAGGGCAGGATGCCACCCCCTTCACCAATTATGTGTCATATGACTTGGCGCACAACTCCGCCGGGCAAGGGTTTAGATCTCGCCAACAAGAAAACTCCCAAGGAGGCTCGATGGCAAATCTAGGTCACTTCAACAGCAAATGCTCATGGGTGACCAAGTAAACAGATCCTCCAGATTAACTCGATCAATTATTATGTGATATCGGCAATGACCTTCC,"{'Frame1': 10, 'Frame2': 28, 'Frame3': 7, 'Frame4': 6, 'Frame5': 50, 'Frame6': 19}"
gi|2765565|emb|Z78440.1|PPZ78440,"{'A': 179, 'T': 194, 'C': 185, 'G': 186}",49.87%,"{'ATG': [101, 220, 326, 335, 486, 534, 545, 578, 625, 680, 691], 'TATA': [], 'GAATTC': []}",TGCTAAACTCAGGGGTTGCCTCACCTGACCTGGGGTCGCAACCAAATGGCCATCAACTGATCATGGGTTGATGGGCCTCCAATGGGGTTCAAAAGGGTCTTCAGATTACGGTGGCCCATCTAATACGACAACCCGGGGCCTTTGCACAACAATTTTGCTGTAGCATAGTTCGTCCACCTCTTGCCGTATTTAGGACCATCAAAAGCCCATGCAGCTCTTAGACCCCCCGTAGCAAAGAACAAGGGGCCAAACTCACATCCGCACCGGCTGAACAGTATGTATGGACAGCCTCGTTAAGGGAGAGATATGACTCGCAATGCCCAGGCAGGCGTGCCCTTGGCCTGATGGCCTCGGGCGCAACTTGCGTTCAAAGACTCGATGGTTCACGGGATTCTGCAATTCACACCATTTATCGCATTTCGGTGGGTTCTTCAACGATGCAAGAGCTGAGATATCCGTTGCTGAGAGTTGTTAAAAAATTATTTGGGGGAGGGTAAGGGAAGATATGCCACCCCCTCCACCATTTTTGTGTAATTTGATTGGGGGAAAAACTGCGCCGGGTAAGGGTTTAGTTCTCGCCAACAAGAATGCTCCCAAGGAGGGTCGATGGAAATTCTAGGTCACTACAACAGAAATTGCCCATGGGTGACCAAAATATGCAGATCCTCCAGATTACCTCGATCAATTATTATGTGATCTCAACAATGATCCTCCCGGAGGTCCACCTACGGAAACCTTGTTACG,"{'Frame1': 20, 'Frame2': 5, 'Frame3': 0, 'Frame4': 1, 'Frame5': 8, 'Frame6': 22}"
gi|2765564|emb|Z78439.1|PBZ78439,"{'A': 135, 'T': 161, 'C': 136, 'G': 160}",50.00%,"{'ATG': [64, 172, 272, 289, 297, 411, 447, 495, 506, 539, 564], 'TATA': [], 'GAATTC': []}",GGCCCAACTAAACGGCCAACCGGGGCATTTGCACAACAATTTTGTTGTAGCATAGTTCGTCCACCTCTTTCCGTATTTAGGACCATCCAAAGCCCATGCAGCTCTTAGACCCCCCGTACCAAAGAACAAGGGGCCAAACTCACATCCGCACCGGCTGAACAGTATGTATGGACAGCCTCATTAAGGGAGAGATATGACTCGCAATGCCCAGGCAGGCGTGCCCTTGGCCTGATGGCCTCGGGCGCAACTTGCGTTCAAAGACTCGATGTTCACGGGATTCTGCAATTCACACCATTATCGCATTTCGCTGCGTTCTTCATCGATGCAAGAGCCGAGATATCCGTTGCTGAGAGTTGTTAAAAAAATAATTTGGGGAGGGTCAGGGCAGGATTACCACCCCCTTCACCAATTATGTGTCATATGACTTGGCGCCCAACTCCGCCGGGCAGGGGTTTAGATCTCGCCAACAAGAAAGCTCCCAAGGAGGCTCGATGGCAAATCTAGGTCACTTCAACAGCAAATGCCCATGGGTGACCAAAGTAAACAGATCCTCCAGATTAACTCGATCAATTATTATGTGATCTCAACAATG,"{'Frame1': 2, 'Frame2': 5, 'Frame3': 7, 'Frame4': 35, 'Frame5': 17, 'Frame6': 2}"
